hai,3
rekam,2
ekstensif,3
paripurna,1
detail,2
pernik,3
belas,2
welas,4
kabung,1
rahayu,4
maaf,2
hello,2
promo,3
terimakasih,5
cover,3
mohon,2
awal,2
statistik,1
keluang,3
jalan buka,3
banyak,3
lebar,3
bentang,1
hendak,1
silah,3
semboyan,2
tunggu,2
akses,2
terang,2
hi,1
makasih,4
halo,1
thanks,3
kembang,3
diva,2
punya,3
tidak segan,2
detail,1
tak segan,2
aktivasi,2
asih,3
kasih sayang,5
kagum,4
hangat,4
afeksi,2
renjana,2
amor,2
cinta kasih,5
tresna,2
filantropi,2
cintrong,2
suasana hati,1
dinamika,3
tuhan,3
merespon,3
makmur,4
suka cita,4
guna,1
tunggu,1
lotre,2
nggak,1
kupon,3
pelihara,4
awat,5
sadar,3
tari,1
gejolak,1
kejut,3
pesta,4
getar,1
allah,5
labuh,3
daftar,1
negosiasi,2
revolusioner,3
follback,1
pelamin,4
yasalamualaika,3
uang lelah,2
parsel,2
amplop,3
kenang,3
asih,4
uang rokok,2
persen,2
baksis,2
tanda mata,2
angpau,4
hibah,4
upa,2
bingkis,4
suvenir,4
sudi,2
akar,2
para,2
makan,1
masyhur,4
reputasi,2
gelar,2
serep,2
invite,1
nyanyi,2
dendang,2
gita,2
gending,1
lagu,2
rintis,2
gelora,2
antusias,2
ringan tangan,4
bara,2
nyala,2
langgan,2
denyut,2
sungguh,4
rintis,2
jalan bebas hambat,2
tarekat,2
bajing,1
bopong,1
lezat,2
getar,1
peran serta,2
debar,2
raba,1
degub,1
ikut serta,3
partisipasi,3
kuntit,1
hayat,3
mitra,2
terima,2
sohib,3
iktikad,2
yakin,3
iman,3
percaya,2
hajat,1
senyum,2
haloo,3
tarik hati,3
cedayam,2
hasan,3
tumandang,1
ken,3
bener,3
hellooo,2
mari,1
baik,5
ulung,4
good,5
sila,1
main,2
alhamdulillah,5
unek-unek,2
sesal,1
saksi,1
menang,4
hiii,1
suara,3
menginterprestasikan,1
taksir,3
tutur,3
kira,2
imla,1
antisipasi,3
tafsir,2
arti,1
asosiasi,3
borong,2
payu,2
beli,2
buat,1
tertawa kecil,4
minta,2
orak senyum,2
mesem,2
senyum,4
ok,4
ayo,4
mari,4
yuk,4
lincah,4
buru,1
kencang,3
buntut,1
kilat,3
kunjung,3
dahulu,2
segera,3
lekas,2
akas,2
terampil,4
jeraus,2
pagi,1
pesat,3
sebat,1
kawal,1
kawal,4
gugah,2
pustaka,4
sir,2
pelihara,3
patroli,2
kitab,2
ronda,2
sambang,2
guru,3
tuntut ilmu,4
latih diri,4
timba ilmu,4
aji,4
teladan,4
cari ilmu,4
luck,4
sekolah,3
gali ilmu,4
desak,1
telaah,2
mahir,4
harmonisasiuniv,2
takut,1
sreg,2
satu,3
wangi,4
pulas,4
merdu,5
harum,5
legit,4
inkorporasi,3
serunda,2
helloo,1
page,2
serempak,3
sinkron,1
tolong,3
diam,2
panti,2
rumah,3
simplistis,3
jejal,1
perfek,4
tayib,2
memejahijaukan,1
tayibah,2
jamil,2
mungil,3
rancak,5
isi,2
necis,4
sidang,1
bagus,2
estetis,4
firasat,1
cawis,2
dandan,4
andini,2
indikasi,2
sedia,4
saji,4
sholat,5
pasti,3
suguh,2
panjang,2
fiesta,3
damping,1
jomblo,1
medali,4
dekat,1
artistik,4
wah,3
imut-imut,4
langkah baik,4
langkah kanan,3
guys,1
profit,4
waris,3
dominan,3
kooperasi,1
keras tulang,2
gedembal,2
tangguh,5
wedel,2
tapa,2
kedot,2
keikutsertaan,3
serta,2
balas,2
kerja sama,4
tatap,1
pengaruh,3
besar lengan,3
partisipasi,3
bedegap,3
peran serta,3
masif,2
gratis,4
bantu,4
busana,2
hasad,2
keki,1
free,3
wkwkwk,3
sangsi,1
prasangka,1
maslahat,2
mujur,4
waris,3
tuju,3
kenan,2
hujan gerimis,1
support,4
sahabat,4
gerimis,1
hujan,1
handai,3
kece,5
thank,4
hujan ringan,2
sobat,4
panjang tungkai,2
trims,4
doa,4
pacar,3
pacar,3
anyar,4
hallo,4
happy,5
ketemu,1
senjang,1
mudah,1
modern,3
ana,2
pemuda,2
masygul,3
gelebah,2
mending,2
regenerasi,4
simpel,3
sirap hati,1
puspa,4
kenyam,1
merah telinga,1
bonafide,3
bakar,1
gairah,3
puspita,3
lengkap,2
perempuan cantik,5
sewot,1
gusar,1
hias,3
kesuma,3
primadona,5
tulus ikhlas,5
senyum,4
lugas,4
gemas,4
kusuma,4
yaudah,1
sayang,4
gari,3
pasang hidup,4
asah asih asuh,2
bom,1
hay,1
peduli,4
sepuh,1
jelas,1
seruh,2
luk,3
prosa,2
tari,4
cerita anak,2
bau tanah,1
atensi,2
gambar,2
anekdot,2
amuk,1
shalat,4
lanjut,2
neng,5
omong kosong,1
bombastis,2
fiksi,2
dzuhur,1
tips,4
longgar,3
tq,4
respon,2
sirna,1
lawas,1
singgung,1
only,1
layan,3
luas,3
langgan,4
resap,3
singsing,3
lelap,4
tembus,3
ringan,2
bangan,2
lipur,2
sajak,2
tentang,1
peria,2
respons,3
jawab,3
reaksi,2
kangen,3
tlg,3
sahut,1
cepet,2
doang,1
lantik,3
akibat,1
sambut,3
salin,3
wahyu,4
maha,4
lindung,4
tetap,3
bersikukuh,1
rusuh,1
yakin,3
kukuh,2
silang selisih,1
bersiteguh,1
syg,3
hii,3
cegah,2
dependen,3
teguh hati,4
kuat,3
amin,3
sampai,2
syukur,5
geming,1
jernih suasana,1
nunggu,1
abis,1
tekun,4
selamat,5
asmara,2
tahan,4
suka,3
gapai,3
kuasa,3
iritasi,1
mukhlis,3
senyap,1
pukul,1
elite,5
asket,2
cita rasa,3
mampir,2
pasif,1
interferensi,2
batu,2
lurus hati,3
geming,2
stagnan,1
bisu,1
cengkeram,1
bungkam,1
raih,2
asik,4
ready,1
pantar,1
usik,1
pantau,2
tunduk,1
karena allah,2
fans,2
provokasi,1
baring,2
zuhud,2
sporadis,2
tulang,2
capai,4
rengkuh,1
sukarela,4
saran,1
pesan,2
cinta,4
tutup mulut,1
tidur,3
ibadat,4
minta kpd tuhan,3
yoga,1
sayid,3
dapet,2
doa,4
harap,4
harap,3
doa,4
sembahyang,5
selawat,3
yes,3
pasrah,3
buru,1
semi,2
panjat doa,4
top,5
mood,2
zikir,4
kenal,3
bahagia,4
dengerin,3
tanding,2
usaha,3
jempol,4
yahud,4
jihad,3
juang,3
sangkut,1
colok,2
pasar uang,2
mikat,2
taut,2
bayar,1
tarik,4
hebring,3
seru,5
pukul,1
simak,3
muas,5
aduhai,4
gelanggang,2
hati,2
love,5
yuuk,4
lipur,2
profitabel,4
tebal telinga,1
senyumin,3
cuek,1
laba,4
peduli,4
insyaallah,2
khasiat,4
diem,2
untung,4
mulu,2
motivasi,3
berkat,1
apatis,1
hikmah,2
faedah,4
purnama,2
kagum,4
siph,2
inklusif,1
beneran,3
wewenang,2
mojang,2
lunch,3
aziz,2
fav,5
okay,4
lancar,3
nemenin,2
cicip,3
bunda,3
laun,1
waras,2
pinter,5
lorot,1
bilas,1
jeblos,1
terjun,1
gelincir,1
lunas kapal,2
rebah,2
reparasi,3
gontai,1
sederhana,3
tumpu,2
himpit,1
turun,1
mudah,4
tumbang,1
live,3
pandu,3
gamblang,3
jungkal,1
ngasih,3
sempurna,3
asasi,3
gurufavorit,3
friends,3
cemplung,1
rektifikasi,1
ringan,2
mamak,2
lambat,1
mudah,3
banting,1
citra,2
ikhtiar,3
belanja,2
andai,2
lingsir,2
murah,3
assalamualaikum,3
ibunda,3
luruh,2
fondasi,2
arabika,2
bayang,2
rekonsiliasi,4
copot,1
simbok,2
saldo,2
jatuh,1
gelincir,1
mulus,3
rontok,1
islam,4
mama,4
filial,2
uji,1
puterin,1
kantong,1
gugur,1
buah,2
sila,2
inovasi,4
rumah tangga,2
bakat,4
ngerti,1
tumpang tinggal,1
gelesot,1
kuliah,1
bunga,3
filsafat,3
turun,2
tinggal,1
wafat,1
tunang,3
kepo,2
tongkrong,1
mulai,1
tabung,3
kuat duga,2
deposito,3
hy,1
waris,3
komedi,3
fokus,3
bebodoran,2
lahir,3
deket,1
dewasa,2
meni,4
tekad,4
mukim,2
bawa,1
tukar,1
dagel,3
kasad,1
lucu,3
dunia,1
tawakal,3
cash,2
kesah,2
pamrih,1
join,1
pancaroba,1
kunjung,3
daya guna,4
modifikasi,2
mengirat,2
arah,1
khusyuk,3
adi,2
sob,2
operasi,1
didik,3
vote,1
iflix,1
gratifikasi,2
pamit,2
ekstra,3
mohon,3
dua,1
angguk,1
pergi,1
joli,1
jodoh,3
koneksi,3
herbal,2
sesuai,3
sekata,3
lapor,2
hidup,2
utopia,2
kenan,2
rahim,2
lewat,2
geleser,1
special,4
obsesi,1
sepakat,4
mohon diri,2
insentif,3
nafkah,3
tuju,4
curhat,2
proses,1
varian,1
oke,2
sabar,5
mufakat,4
rawat,3
mikir,2
karunia,4
edar,2
rangkap,2
tengah,2
komisi,3
check,1
nasi,2
serasi,4
maklumat,2
darurat,1
saran,1
inisiator,3
substansial,1
luntur,1
trima,1
bagi,2
kabar,2
tiara,3
lancar,4
lanjut,1
baik,3
pelancar,2
say,1
ajak,1
minta,1
publikasi,2
benar,2
rasio,1
baper,1
intensif,2
sembul,1
hadir,2
muncul,1
tukar,1
ayun,3
hati,3
kembang-kempis,3
hastag,1
diskaun,3
jumat,2
babe,3
rapal,1
getar,1
kerubung,1
nyanyi,2
engah,1
irit,2
gema,1
setir,1
guna,1
selidik,2
timbun,1
muslim,3
rinai,1
pindah,1
swagriya,2
hitung,1
lelang,1
cuat,2
kenang,3
heboh,1
maksimal,3
pantau,2
smartphone,1
tabung,3
sharing,3
tampak,1
ngerasain,1
jaga,3
tumpu,1
lovers,4
gelegak,1
nyanyi,3
bahas,2
kembang,3
tinggi,3
lenggang,2
monggo,3
keroyok,1
ayun,1
aba,2
abi,2
queen,2
ekonomis,3
angsur,1
sebenernya,1
refresh,2
orang islam,2
nice,4
ayahanda,1
bahas,1
toreh,1
tambah,2
kait,1
sembur,1
gesek,1
geser,1
tetap hati,3
cinta,4
signifikansi,2
sidang,1
gentar,1
definit,2
jali,2
kerabat,3
afiliasi,2
konkret,3
chat,3
alim,2
fanbase,3
reseptor,2
maujud,2
merah jambu,3
komunitas,2
eviden,3
genah,2
sensibel,2
coffee,2
nyali besar,3
sangat,3
goda,2
sparing,3
jaring,3
real,2
sentuh,1
ajar,3
informasi,2
aib,1
biasa,2
konfirmasi,3
simpul,3
wujud,2
pantas mulut,2
rizki,4
latih,3
sweet,3
nyali,4
kentara,1
banget,1
percaya diri,4
adzan,3
transparansi,2
salamat,4
dear,2
sangkut,2
candang,2
anut,2
jalanin,2
pandai bicara,3
pancur,1
interaksi,3
alim arif,4
cakep,5
single,3
terima,2
langgam,2
merah muda,3
nyali besar,3
nekat,2
kesatria,2
sungguh,2
konfirmasi,3
bentur,1
determinasi,3
medium,2
tampil,1
baku,1
kubra,2
satria,4
jentelmen,3
relevansi,2
sambut,2
faktual,3
krim,1
lakon,1
jamiah,1
esok,1
kasih,2
tunggu dunia,2
ijab,2
tayang,2
snapback,2
pinky,3
jenak,1
favorite,4
sigap,4
bimbing,3
couple,2
syarikat,3
sesuai,3
hadiah,3
ikat janji,3
dapat,2
cepat,3
drum,2
tengkurap,2
luang,2
nada,2
yukk,4
lebih,1
tempo,1
hostel,1
anugerah,3
rembuk,3
pesanggrahan,2
pikir,1
bahas,1
pose,3
taraf,3
tangguh,3
mobil,1
care,2
baju,2
biar,1
tekan,1
adaptasi,2
layan,3
help,2
konferensi,2
gerak gerik,1
sikap,1
pingin,2
lompong,1
azimat,1
selaras,3
hamba allah,3
semangat,4
habituasi,1
layan,2
ciyeee,1
senyum,3
maen,3
laden,3
bincang,2
renang,1
sepakat,3
itihad,3
lam,3
forum,2
inap,2
super,3
gores,1
kencan,3
aku,2
imbang,2
duluan,2
ngobrol,1
bismillah,4
tekan,1
bahas,1
kualitas,4
tiada,1
tandang,1
stabil,4
kontak,1
parkir,1
arung,1
cinta,4
tayang,3
balas,1
enjoy,3
kuy,1
motel,1
tengok,2
dangkal,1
deres,1
telungkup,1
mirip,1
mufakat,3
booking,2
plus,2
baik,1
titi,2
reply,2
musyawarah,2
bernas,2
tambah,3
losmen,2
kenek,1
kerja,2
tukar pikir,3
teh,1
beli,2
lihat,3
hotel,1
tingkat,1
bobot,2
perilaku,2
hubung,1
tanggap,3
kirim,1
angkut,1
rajah,1
gerak laku,1
tara,2
semerbak,2
arsitektur,2
layak,3
rute,2
size,1
diskon,2
erang,1
saksama,2
konstelasi,2
koneksi,2
gelak,4
sketsa,2
gelagat,1
tingkah laku,1
maklum,3
bijak,3
patut,2
beranda,1
menung,2
rapal,1
mirip,2
tertawa,5
sadar,2
karya,3
wajar,2
tegar,2
great,3
sanjung,2
bunyi,2
dateng,2
rapat,1
rata,1
antologi,1
alam,2
rame,2
saran,2
adil,4
fulanah,1
coret,2
ketawa,4
temu,2
sama,2
guruh,2
lumayan,1
kembang,1
selfie,2
album,3
kiprah,3
hati,3
verbal,1
surat takdir,2
stabil,3
puji,4
lagak,2
indah,5
aksi,2
sikap,2
lewat,1
tegur,2
ngopi,3
solo,2
teguk,2
kalap,1
jatah,3
engah,1
untung,3
eaa,1
jujur,4
keras hati,1
koleksi,1
pertahanin,1
undang,2
dendang,4
hoki,3
untung,4
mantap,5
sugesti,2
tuah,1
patuh,4
aktif,2
lambung,2
ajar,2
usul,2
tenggang,1
banding,3
getol,2
gila,2
lafal,2
jaga,2
serah,2
rohaniah,2
pantas,2
ratu,2
cium telapak kaki,1
daya upaya,3
timpal,2
pasrah,3
buka,3
mahal,1
tukar akal,1
puas,3
mafhum,3
siuman,3
luas,2
kembang,2
tekun,4
melek,2
lupain,1
musik,2
siapa,1
nikmat,3
dongeng,3
adek,1
streng,1
akidah,3
sponsor,2
liat,2
tunjang,3
kerasan,2
taat,3
dukung,4
telaten,4
malu,2
suporter,3
gempita,4
hingar,2
ikat,1
kontak,2
nyaman,4
lahir,3
proses,1
tangan,1
maslahat,3
tetap hati,3
solusi,3
pacar,2
homogen,2
gepok,2
sekolah,3
relasi,3
peristiwa,2
sastra,2
wajar,3
gegap,2
import,2
lukis,2
cercah,2
lupa,1
konfirmasi,3
perkasa,4
laba,4
esai,2
sumbu,2
iman,3
insiden,1
slow,1
dogmatis,2
sokong,3
rilis,3
ekspres,3
hikmat,3
dahsyat,2
sama,3
cute,5
untung,4
baik,2
teguh hati,3
resolusi,3
pudar,2
kuat batin,3
jadi,1
kumbang,1
alot,1
sahabat,4
simple,3
lengkap,1
hiruk,1
okeey,2
deras,2
cerita,2
komunikasi,2
coba,2
kirim,2
keliru,1
mancing,2
demen,3
selesai,2
tewas,1
proud,5
gila,3
voucher,3
ngaku,2
tanggulang,2
anjir,1
teguh batin,3
rebut,1
berkah,4
arak,2
kaya,2
ngalah,2
tulus hati,4
mimpi,2
team,1
silir-semilir,2
moga,1
yaaaa,1
kado,2
terimaksih,4
limpah,1
darat,1
doain,2
baby,2
challenge,2
mulus,4
dansa,3
prajurit,2
cinta,4
welcome,4
kenal,1
jilbab,3
rindu,2
kalem,4
pantai,1
nungguin,1
game,2
leleh,1
ampun,1
amal,4
tuntas,2
temennya,1
kukuh,2
rida,2
percaya,3
masjid,3
kucup,2
bantuin,3
ibadah,4
umum,1
pelangi,4
rejeki,4
tunai,3
bahagia,4
quran,3
produktif,2
alhamdulilah,3
rampung,3
tata,3
solusi,3
ikhlas,4
biasa,3
shiawase,2
kliyengan,1
kam,2
yank,2
aamiin,2
subur,2
gelak,2
betul,2
religi,1
pasuk,2
prihatin,2
nestapa,1
khawatir,1
masak,2
birthday,4
khayal,2
parade,1
pantes,1
rapi,3
surau,2
milik,1
siap,1
koordinasi,1
banyak,2
goreng,1
normal,1
tarik,2
imbang,1
sahabat,2
sejati,3
undang,1
smpai,1
cinta,5
kuat,2
hati,2
hadiah,4
pseudonim,2
ingat,2
juta,2
ustazah,3
dicuekin,1
judul,2
kaya,2
modal,2
pelita,4
novel,2
cegak,1
sahabat,3
resmi,2
mudah,1
sukacita,2
formal,2
libur,3
pendek,1
ingat,2
prospek,3
gurih,1
matahari,2
visi,2
familiar,2
pantas,1
ganteng,4
jaga,1
sesal,1
substansi,1
ganjar balas,1
jago,3
irama,4
lihai,2
artis,2
portofolio,2
alaikum,2
atur,4
aduh,1
sesal,1
bonus,4
keluarga,4
lengkap,3
invitasi,2
upah,1
globe,1
insaf,3
banyak akal,3
mumpung,2
suara,2
besar hati,3
better,2
jeli,4
hemat,4
lanjur,1
entitas,1
tajam mata,2
dalam,3
insaf,2
pertiwi,3
imbal,1
premium,2
simpatik,2
fantasy,2
mentab,2
beri,2
ngajak,1
sayang,1
salambersama,1
muji,2
erti,2
lezat,5
tentang,2
poin,2
sedap,5
tahan lama,1
lulus,5
ganyang,1
ijtihad,3
ahli agama,1
pangeran,1
sahaja,2
redam,1
rasai,1
solat,1
dapat,2
waspada,3
suap,1
aja,1
sadar,2
ramah,5
satir,1
silaturahim,4
bayar,3
rencana,2
pundi,2
promote,3
susut,1
baik,4
sempurna,3
majubersama,3
oportunitas,3
dialog,1
standardisasi,2
jual,1
senang,4
larut,1
duli,4
cocok,4
trimakasih,4
pahala,2
tabung,4
beri,2
ustadz,3
pandang,2
makin,2
ringan kepala,2
karib,4
mksh,2
lawan,1
penting,3
pandang,1
garis besar,2
beranak-pinak,2
fair,3
arti,1
asli,2
kerja keras,3
natural,1
simpat,4
tulus,4
otak encer,2
suplai,2
refleksi,3
temu,2
perjuangin,3
didik,3
syukur,3
talen,2
tahan,1
cakap,2
dede,1
mutu,3
bangkit,2
lancar,3
hajat,2
nabi,2
kualifikasi,2
luar biasa,4
intim,2
peka,2
awet,4
sahabat,3
budi pekerti yang baik,3
ramai,3
reka,1
sensitif,1
manfaat,5
gede,2
bijaksana,1
harga,3
congrats,3
aliansi,1
cadang,2
kapabilitas,3
bangsawan,2
kekal,3
nikah,2
akrab,3
kagum,3
becus,1
soleha,3
cengang,1
ingat,3
gws,2
ajak,1
fasilitas,2
siap,1
girang,3
imam,1
pesona,4
sayang,3
mampu,2
ngelupain,1
upaya,1
nila,2
usaha,1
harmonis,3
cerdik,2
takjub,4
siap,1
asih,2
terpana,1
sunyi,1
seragam,1
kucil,1
segenap,2
siap,2
cendekia,3
permata,3
natal,1
pukau,2
naik ke pelamin,3
gembira,5
ajar,1
tanya,2
pati,3
ngurusin,2
kesima,4
curiga,1
show,2
inteligen,1
rajin,4
hijau,3
tajam otak,4
empuk,3
jaga,1
personalitas,1
diam,1
perata,2
sedia,3
sedia,1
cium,3
qadim,3
fine,3
buka,3
alamiah,2
menang,3
suka,4
selenggara,3
dengar,2
cinta,3
tahu,4
tablig,1
siap,1
koordinator,2
sumringah,4
boleh,2
keluarga,2
santai,2
cinta,3
pandai,4
riang,3
senang,5
sedia,2
diamond,3
cool,2
kerjasama,3
perlu,2
sanggup,2
baginda,2
terang akal,3
seni,1
smga,1
sedia,1
teduh,2
hidang,2
cekat,2
perak,1
ratna,2
taruh hati,3
gombal,2
cantrik,3
imbuh,1
genius,3
tangkas,2
naik,1
taman,1
sayang,4
semi,3
music,1
seru,3
antipati,2
rasuk,2
manfaat,3
fitrah,3
kuat,3
indah,3
cantik,2
mata cahari,2
kini,3
hamba allah,3
khasiat,4
lafal,2
rasuk,2
liat,2
hati,2
jihad,3
larut,1
pundi,2
jilbab,3
informasi,2
turun,1
seni,1
selenggara,3
rapat,1
tabung,3
kantong,1
karya,3
keroyok,1
tunjang,3
jempol,4
koordinasi,1
renang,1
bincang,2
pesona,4
sahut,1
edar,2
dandan,4
mahir,4
pandu,3
ken,3
pikir,1
pindah,1
pasuk,2
rata,1
naik,1
labuh,3
dapat,2
usik,1
menang,4
guna,1
tanya,2
pukau,2
moga,1
neng,5
longgar,3
zikir,4
baring,2
pati,3
pasti,3
keliru,1
kucup,2
aku,2
bom,1
aib,1
kerubung,1
bangan,2
bunga,3
boleh,2
imbuh,1
cengang,1
sembahyang,5
syukur,5
cinta,3
jelas,1
tingkat,1
timba ilmu,4
lakon,1
rencana,2
hendak,1
limpah,1
kembang,3
menung,2
tuntut ilmu,4
amuk,1
irama,4
citra,2
darat,1
jatuh,1
sudi,2
muas,5
hangat,4
selaras,3
bangkit,2
sir,2
banding,3
kuat duga,2
tumpu,1
guru,3
langgan,2
sinkron,1
daftar,1
jernih suasana,1
lam,3
bawa,1
benar,2
surat takdir,2
prasangka,1
kuntit,1
asosiasi,3
jungkal,1
tegar,2
suguh,2
suasana hati,1
rumah tangga,2
banyak,3
dukung,4
keluarga,4
lengkap,2
sedia,2
teladan,4
inap,2
patut,2
singsing,3
sabar,5
timbun,1
lanjur,1
lapor,2
proses,1
kuasa,3
simpat,4
teguh hati,3
mata cahari,2
heboh,1
sempurna,3
erti,2
cengkeram,1
luang,2
kirim,2
tukar pikir,3
ringan,2
nyali,4
gapai,3
nyala,2
angkut,1
tanggap,3
aji,4
tanggulang,2
coba,2
hajat,1
aja,1
sampai,2
bobot,2
harga,3
kejut,3
jalan buka,3
timpal,2
tongkrong,1
ajar,1
rindu,2
tahu,4
isi,2
manfaat,5
masyhur,4
pergi,1
mohon diri,2
capai,4
tata,3
kerja,2
sokong,3
latih diri,4
persen,2
rasai,1
para,2
sangkut,2
taruh hati,3
alam,2
selesai,2
rusuh,1
akar,2
sambut,3
sungguh,4
tulang,2
kini,3
cerita,2
cari ilmu,4
ana,2
hitung,1
tafsir,2
laden,3
suka,3
bingkis,4
operasi,1
pudar,2
ikhtiar,3
amal,4
gila,3
kam,2
kucil,1
kesah,2
ganjar balas,1
tinggi,3
dahulu,2
puji,4
mimpi,2
denyut,2
pemuda,2
gambar,2
tukar,1
hadiah,4
telungkup,1
pandang,1
baik,3
tarik,2
cakap,2
panjat doa,4
imbal,1
mukim,2
kenang,3
anugerah,3
meni,4
mikat,2
rengkuh,1
jenak,1
mulai,1
gores,1
terima,2
sila,1
silah,3
poin,2
bunyi,2
telaah,2
dansa,3
buah,2
cepat,3
hidang,2
selawat,3
kesima,4
daya guna,4
buat,1
tiada,1
ibadat,4
jadi,1
layak,3
gelincir,1
simpul,3
mutu,3
pengaruh,3
bara,2
nikmat,3
atur,4
awat,5
redam,1
luk,3
suplai,2
awal,2
sembul,1
susut,1
tuju,3
tegur,2
tangan,1
lupa,1
pelamin,4
sembur,1
biasa,2
nila,2
asket,2
karena allah,2
sesal,1
tutup mulut,1
gelanggang,2
hias,3
beli,2
curiga,1
makin,2
colok,2
cekat,2
prihatin,2
tanding,2
dua,1
taat,3
damping,1
arti,1
naik ke pelamin,3
tunang,3
sanjung,2
hujan gerimis,1
lebih,1
suap,1
gelesot,1
sayang,3
serah,2
serunda,2
milik,1
kuat batin,3
tukar akal,1
biar,1
kualitas,4
jual,1
sama,3
pasang hidup,4
cium telapak kaki,1
bijak,3
dunia,1
bagi,2
faedah,4
ganyang,1
raih,2
yakin,3
bayang,2
jaring,3
gelora,2
lorot,1
banting,1
uji,1
libur,3
jawab,3
kerabat,3
tarik hati,3
cadang,2
aktif,2
gema,1
rilis,3
saksi,1
panjang,2
lucu,3
gali ilmu,4
hayat,3
jejal,1
arah,1
antisipasi,3
hidup,2
terang,2
imla,1
minta kpd tuhan,3
tetap,3
salin,3
parade,1
konfirmasi,3
wujud,2
kasih,2
dekat,1
iktikad,2
tunggu dunia,2
angsur,1
budi pekerti yang baik,3
hikmah,2
cemplung,1
rekam,2
buru,1
tampil,1
bakat,4
luas,3
pacar,2
bakar,1
taraf,3
bisu,1
jalan bebas hambat,2
rebut,1
cegah,2
toreh,1
anyar,4
gari,3
lambung,2
batu,2
makan,1
keluang,3
lindung,4
rinai,1
dalam,3
bimbing,3
cantik,2
gentar,1
gairah,3
lunas kapal,2
jago,3
dagel,3
ramai,3
jaga,2
semangat,4
duli,4
beri,2
temu,2
jeblos,1
serempak,3
satu,3
saji,4
fasilitas,2
lukis,2
tentang,1
tutur,3
teguh batin,3
pantar,1
lawas,1
lawan,1
tumpang tinggal,1
pantai,1
puas,3
tahan,1
parkir,1
nyaman,4
pandai,4
tara,2
titi,2
perata,2
kira,2
indah,3
kenyam,1
serta,2
bagus,2
taksir,3
hubung,1
kait,1
orak senyum,2
bahagia,4
seragam,1
coret,2
indah,3
lebun,3
wadak,3
lebuk,3
saji,4
renung,3
ajar,3
dikara,3
khalis,4
putus,3
faktitius,3
pasang,4
mafhum,3
stabilitas,4
bapa,3
manis,5
tekan jiwa,4
tempo,3
piuh,3
patuh,3
anak sekolah,3
promosi,3
takyin,3
ketapak,3
gembira,4
kunci,3
langgan,4
lancung,3
tunas,3
geleng,4
kobar,4
bacot,3
lakon,3
usil,4
ansar,4
lezat,4
binen,3
abid,3
awak,5
belukar,3
remeh,4
banyol,3
sendeng,4
tanda,4
komplet,3
tindak,3
amerta,3
analisis,4
latih,4
tunduk,3
ganti,3
karyawan,3
kondang,5
lalu,3
kalong,3
rias,3
kecong,3
dewana,3
sukacita,3
perwira,4
tela,3
padu,4
sarap,3
candrasa,3
pegang kitab,4
apas,5
sesuai,4
sufi,4
letak,4
digdaya,4
kadang,3
rentang,3
ingin,4
formasi,3
sagang,4
nyata,4
prawira,4
balik akal,3
astagfirullah,3
kesohor,5
mabrur,4
harkat,5
geger,4
jernih,4
balas,3
susur,3
acuh tak acuh,4
bagai,3
inayat,4
bantah,5
kadar,5
kaji,4
derau,3
distribusi,3
unggul,5
butuh,4
tegap,3
rang,3
mulut sungai,4
wekel,4
percaya,3
cantum,4
harta,4
sakelek,4
manja,5
elok,3
fit,4
izin,3
widyaiswara,3
paduka,4
solek,3
akar,5
dahulu,4
giat,4
hikayat,3
serikat,3
huni,3
cendera,4
ugahari,3
sohor,4
besar akal,4
sepatu,3
rangsang,3
kawak,5
azamat,4
sekar,5
gempar,4
angan,3
turut,4
sekah,3
ramal,3
sekam,3
tundang,3
bausuku,3
perinci,3
gantung,4
suai,3
taruh,3
jala,3
resam,3
ahad,3
martabat,4
andur,3
cermin,3
hukum,4
umur,4
duga,3
tokok,3
lurus,4
juak,5
maaf,5
jalan keluar,3
lilit,3
fantasi,3
makhluk,3
rana,4
alun,3
bubuh,4
andil,4
bagai macam,3
gatra,3
petah lidah,4
tengkuluk,3
instingtif,3
donatur,3
jibilah,4
pusaka,4
perseptif,3
otomatis,3
rupawan,5
preinan,3
absorpsi,3
mangkak,3
warok,3
paket,4
preseden,4
sanggama,5
endut,3
eksklusif,4
runtut,3
naik daun,4
mata gawai,4
lalu,3
hayo,4
eksplisit,3
sinuhun,4
simpan,3
longo,3
sosialita,5
untung,4
bulat kata,3
hipotetis,3
perai,3
mampu,4
fatamorgana,3
ledos,3
sungging,5
sambang,4
spesialis,4
interupsi,3
refleks,3
jenang,4
dok,4
hadir,3
dol,3
metah,4
malayari,3
maimun,4
datar,3
lanyak,4
diam,4
gajak,4
bisik,4
bakir,4
kenduri,4
tangkis,3
sengat,5
bain,3
delusi,3
cebik,4
kelos,3
telur,3
preventif,4
capek,4
guna,5
tanya jawab,3
stop,3
imbuh,3
tongkat,3
ekstremis,3
khayal,4
sosialistis,3
tungkak,4
khusus,3
perian,3
sauk,3
serentak,3
panggul,4
habis,3
gubah,3
bagak,5
bagas,5
angan,4
takwa,4
kenang,3
sali,3
awas,4
jreng,3
kuat,3
sahaja,5
figur,3
oleh,3
oleh,3
arif,3
sebat,4
milik,3
gebyar,4
sedeng,3
mahir,4
hina,4
martabat,5
ikat,4
pionir,3
akidah,4
penting,5
napas,3
gigil,3
trengginas,5
pulut,3
bangun,3
jaya,4
sintal,3
lemah,5
susah hati,3
stupa,4
lemas,5
jantan,5
anak,3
jabar,3
reka,3
putus kata,4
intuitif,3
sorong,4
impulsif,3
cermin,4
cerdik,4
inferensi,3
jasa,4
sintetis,3
ramanda,3
intan,3
tanggap,3
takrif,3
moratorium,3
kira,3
benang,4
servis,3
reksa,3
bugar,4
silang dapat,3
kakek,3
gengsi,4
karsa,3
tebar,3
kesan,4
istirahat,3
kaisar,4
catat,3
bentuk,4
angkat,3
rais,3
atas,3
studi,4
fusi,4
lulus,3
tepat guna,4
suntuk,5
ibu,3
girang,3
rembuk,3
kunyah,3
moblong,3
cedera,5
ajar,4
tulen,3
imbas,3
lindu,4
lantip,3
daya tahan,5
bergas,5
pintar,4
cucu adam,3
pelesir,3
sangkil,4
endus,3
elu,3
kerja,3
otot,4
cengkau,3
daim,3
pesona,5
untung,4
riah,3
lihat,3
gila,3
tanya,4
giat,3
mufakat,4
kimah,5
surat tanah,3
moral,4
kundang,5
salim,4
rimba,3
riang,4
estetik,4
murid,3
runtut,3
didik,3
umi,4
sukat,3
muktamar,4
tanda,4
sunan,4
tawarikh,3
iba,4
urai,3
lampu,4
efek,3
rafi,3
transendental,3
kicau,3
primitif,3
jadah,3
halang,3
produk,3
cedok,3
animo,4
jaya,4
duka,4
nikmat,4
sembahyang,4
suam kuku,4
ronda,3
paya,4
pantul,3
panorama,3
ampas kopi,3
nama,4
gentas,3
samseng,3
rela,5
talenta,4
bangkit selera,3
lebih,4
komplot,4
tasamuh,5
ura-ura,4
khas,4
pokta,5
nista,4
resep,3
anggar,3
penat,4
aneh,4
lestari,4
ganjar,5
emir,4
siswa,3
kontributor,3
minat,4
manjur,4
vista,3
dalam,4
tip,4
santun,4
panas,4
kepleset,3
himpun,3
golong atas,5
tepat,3
mahdi,3
contoh,4
jahil,4
gamat,4
roh,4
tangkas,4
harmonis,3
serikat,3
gerecok,4
sarju,4
anak sasian,3
yang tuan,4
bapang,3
santer,4
lepas,3
kohesi,4
seraya,4
jebak,3
jelang,3
wisma,3
rusak,3
lambuk,3
sumber,4
simpuh,3
kits,5
sambat,4
nali,3
konsultasi,3
bakh,4
ordo,3
cekel,4
orde,3
tumpil,3
direktur,3
jiwa,3
praktis,4
santir,3
pakai,4
denda,3
longo,3
akil,4
bos,3
eka,3
hilang,3
lakeri,3
bandung,3
transparan,3
gubris,3
jaya,4
prei,3
pere,3
sendat,4
peri,3
ulama,3
aya,3
bungkus,4
pintas,3
mikroanalisis,3
upaya,3
ikut,3
kumpul,3
nirmala,4
gampang,4
ganduh,3
sama,3
rembuk,3
terima kasih,5
kamil,3
kanjang,4
perdeo,4
benak,3
jajah,3
akal,4
perinci,3
taruh,4
mau,5
drastis,4
arketipe,3
suci,4
ada,4
daya gabung,4
hiruk,4
vitalitas,3
panjang,3
perlup,3
primbon,4
jelas,3
hampar,3
ribut,4
mustajab,4
waduh,3
cuti,3
kontemporer,3
kasihan,4
purusa,3
putus,3
kodrat,4
alas,4
karimah,4
misbah,4
girang lega,4
nuftah,3
inventivitas,4
tentu,3
cerap,3
prima,4
makan,3
cuma,4
intelektual,3
zaim,3
preferensi,3
himpun,3
gombroh,3
cepat,4
pangus,5
permanen,3
benang raja,4
prodeo,4
punya nama,5
tenang,4
eja,3
sawala,3
trauma,4
biang keladi,3
lipur,4
libat,3
bukti,3
ajal,3
duga,3
prediksi,3
lampas,4
sempena hati,4
taksir,5
boleh,4
tahu,4
kaji,4
tiris,3
gusti,4
recok,4
bianglala,4
tating,3
senandung,4
bisa,4
prakarsa,3
libat,3
gembur,5
kelilip,3
besar,4
semarak,3
gede,3
hasrat,3
tinggal,4
patroli,4
sumpah,3
timbal,4
baca,4
nanti,3
terus,4
data,3
simetris,3
beber,3
benar,3
protektor,3
patok,4
naik pelamin,4
lugu,4
ventura,3
bentuk,3
pegah,5
sero,3
polemik,3
aras,4
keluar darah,4
gempar,4
widita,4
kebaji,4
tuntun,3
sender,4
patuh,4
atur,4
hukum,3
cari akal,3
batas waktu,3
fertil,4
besar,3
kusa,3
bineka,3
wantah,3
anut,4
ideal,3
pinda,4
ana,5
tinggal,4
samun,3
mustaid,3
solah,4
puadai,4
cita rasa,3
arti,3
mullah,3
kesal,4
aneka,3
rahasia,3
ganjar,5
adakala,3
mantap,4
didik,3
dispensasi,3
tangkal,4
anggar,3
sublim,3
tekan mental,4
ganjar,3
prominen,5
disiplin,3
kosen,4
lebur,3
jadi,3
bilhak,3
pestaka,4
bekas,4
kincung,3
perut,3
cumil,4
keri,4
bekal,3
kecam,3
sendel,4
traktat,3
terjemah,3
pejatian,3
infinit,3
nyanyi,4
ambil contoh,4
mekar,3
klien,4
sosial,4
kempuh,5
rupa,3
radu,3
alem,4
tuju,4
sembuh,4
ulur,3
garda,3
kincang,3
konspirasi,4
susuk,3
keduduk,4
geser,5
ganti,3
cenangkas,3
bingkas,3
ungkap,3
lesap,3
montok,3
ingat,3
pop,5
rahim,4
pola,3
heran,3
anak didik,3
dekorasi,5
status,4
tumpah,3
jamin,5
eneng,5
statis,4
alam,4
tempuh hidup,3
comel,4
celengan,3
kerja,3
hutan,3
pacangan,3
mukibat,3
hilir,4
takjub,3
populer,5
ampuh,4
lapang,3
lintas rimba,3
ubah,4
tanda jasa,4
sami,3
pas,3
licin,4
punya,4
manila,5
bayang,3
sinar,4
atraktif,4
riil,4
kreativitas,4
ketuk,3
naik pelamin,4
rekognisi,5
genit,5
letih,4
kata,3
warna,4
girang ceria,4
pamor,3
mulia,3
khalas,3
kaget,3
kaca,4
asoi,3
sportif,3
tolong,4
jadi,3
guntang,3
damar,4
momentum,3
segar,4
buru,3
titip api,3
segar,3
dodor,3
klasik,3
purna,3
harga diri,3
terima,3
mufakat,3
tajam,3
geger,4
kecil,4
himpun,3
alami,3
kumai,3
serapah,4
federasi,3
lunak,5
sudah,3
debuk,3
pajang,4
ilusi,3
serobot,3
rekan,4
fatanah,3
kaki tangan,4
kelih,4
gera,4
akuan,3
layan,3
tersem-bunyi,5
jelang,3
rumput,3
pinggul,4
simpleks,3
nuri,3
biasa,3
utama,4
spesialisasi,3
kalis,4
maslahat,4
remeh,3
besar,4
seemak,3
julat,3
gali,4
pokok,3
catu,4
nyana,3
cebak,3
tumpuk,4
betul,4
daftar,3
semara,4
teduh,3
fadil,3
punia,4
kecambah,3
tenaga,3
tutuk,3
tangsel,3
yg tuan,4
damba,3
romantis,4
monopoli,3
interpretasi,3
sambung tangan,4
ab,3
pantat,3
wiladah,3
contoh,4
sri paduka,4
umat,3
derma,3
kenal,5
labiovelar,4
gabung,3
langsung,3
kroni,4
sregep,4
sangka,3
derai,3
majenun,3
cermin,3
gol,3
rampuh,3
kampanye,3
putra,3
sen,4
drama ria,3
deteksi,3
ambisi,4
tedas,3
berahi,5
tepa salira,5
kumpul,3
ira,3
urus,3
adab,3
probabilitas,3
vila,3
degap,3
setia,3
mufaham,3
tandas,3
komplemen,5
muka,5
layan,4
mahabah,4
gagah,4
nafsu,3
sekali-kali,3
tembus,3
binasa,3
efisien,4
radikal,3
gigi,3
pelit,4
ulur tangan,4
licin,4
adun,3
suasana,4
recok,4
sani,3
cempiang,3
kujarat,5
zakelek,4
margrit,3
afdal,3
remeh,4
foto,3
masyhur,4
imbuh,4
tukar cincin,3
betapa,4
tambah,3
abu,3
semayam,4
panas kuku,4
distingtif,4
cegah,4
idam,3
acau,4
jaswadi,3
pukau,4
muara,4
bahagia,4
samad,3
asa,3
perhati,4
suplemen,5
enak,5
dusin,4
wisuda,3
cengang,4
plong,3
hormat,5
sungguh,4
serasi,3
muai,3
latih,3
kena,4
kumpul,3
isi perut,3
tahan lasak,4
milik,3
golong,4
transaksi,3
kreatif,4
cukup,4
heran,4
astaga,3
sangkut-paut,3
mukim,3
jadi,3
dapat,3
grahita,3
pusing,4
prediksi,3
benar,4
cahaya,4
sepele,4
kategori,4
autentik,3
wawancara,3
tahan,3
dominasi,3
mola,4
anggap,3
lendeh,3
asuh,3
pendam,4
prabu,4
bapanda,3
rotan,4
kudus,4
derajat,4
sukses,3
indah ambang,4
gombrong,3
tebak,3
tangan,3
ya,4
rani,4
dendam berahi,5
gombrang,3
kaci,4
lembuk,3
elegan,4
gagah,5
tolong,4
antusiasme,3
amanah,5
ganggu,4
energi,3
isbat,3
tongkat,4
cublik,4
gembur lambuk,3
anggap,3
positif,4
sauh,4
nyamleng,5
saur,3
sengal,3
tumbuk,4
pegawai,3
mesra,4
tunggu,3
malu,3
tajam pikir,4
garing,5
bersitegang,4
intrik,4
manggala,3
balas,4
permadani,3
papar,3
kekal,3
kredibel,3
guar,3
gerak hati,4
kipu,4
bumbu,5
muncul,3
ria,3
sains,3
nian,4
kasatmata,4
jamik,3
imbang,4
lebai,4
seringai,4
hasil,3
batas,3
definisi,3
komplot,4
afirmasi,3
jamhur,3
gres,4
gerha,3
alir darah,4
dana,4
tabung bambu,3
tahu atur,4
terka,3
rukun,3
buka,5
kasual,3
teja,4
lagak,4
sayap,4
donor,3
warna dadu,3
akomodasi,3
tebak,3
cegar,4
amat,4
bayang,3
tambat,3
jalan,3
enak,4
asuh,3
lewat,3
jawara,3
rakit,3
suara halus,4
rawa,4
ukur,3
cantik,3
dalang,3
angkat,4
bentuk,3
langgeng,4
deduksi,3
bestari,4
ringan tulang,5
prasarana,3
sandar,4
wasiat,4
bisnis,3
langkah,4
tongkeng,5
untir,4
masakan,3
gantung,3
putus,4
sapih,4
bayang,3
cokol,3
sinkronisasi,3
jelajah,3
cari jalan,3
remas,3
terala,3
muncul,3
macam,3
upa-,4
bulang,3
murah,4
prayojana,3
duit,4
biadab,3
tajam,4
limbuk,3
individual,4
suguh,4
terkadang,3
debat,3
dalam,3
linuhung,3
seri,4
korek,4
infak,4
maskapai,3
arah,3
ovum,4
ugal-ugalan,3
urus,4
centil,5
paradigma,3
tempoh,3
lentera,4
pilin,3
kandis,4
selamat,4
andal,5
benci,4
biduanda,5
getas,5
desa,4
pelupuk mata,4
taruk,3
konsensus,3
luncur,3
anteng,4
ulas,3
anak adam,3
integrasi,3
pendekar,3
perlu,5
dikte,3
lapang,3
beril,4
spesifikasi,3
lantun,3
runcing,4
dakaik,3
desain,4
peluk,4
tunas,3
ceri,4
kait,3
ria,4
tolong,4
simpatisan,3
liput,3
singkap,3
sembir,4
dandan,3
ihsan,4
tegas,3
defensif,4
sepele,4
sangga,4
resap,3
selesa,3
struktur,3
puji,4
ricuh,3
ajudan,4
wagu,4
konon,3
baik,3
tabah,5
gemi,3
tenaga kerja,3
dahulu,3
heboh,4
ranum,5
lembek,5
juru,3
lektur,4
betul,3
sukar,4
pilih,5
semu,3
rezeki,3
baca,3
trendi,3
guna,4
imaji,3
bahaduri,4
semringah,4
wirid,4
cokol,4
energik,5
mantap,4
makruf,4
lisan,3
teraso,4
intensi,3
gutuk,4
terkadang-kadang,3
cemerlang,4
gambir,3
makna,4
makbul,3
jelak,3
sampai,3
sebut,3
penting,4
tokcer,4
serbaserbi,3
bikin,3
piawai,4
tentu,3
nasabah,4
segeh,3
ganjar,5
terka,3
linu,4
mahfum,4
tegur,3
kemas,3
capai,3
lini,4
atom,3
faal,4
jenis,3
mustakim,4
jumpa muka,3
malim,3
limpah,4
dengung,3
genial,4
alangkah,4
spontan,3
tolak,4
kuasa,4
cermin,3
dikte,3
urus,4
selera,3
jigrah,3
bonyok,5
kismat,4
tangkul,3
kreasi,3
buka mata,4
andai,3
kapasitas,3
kait,3
cipta,3
hakimah,4
akhlak,4
tuntun,3
lapang,3
kipas,3
neces,4
doktrin,3
sibuk,4
efektif,5
gani,4
hulubalang,3
arif,4
buyung,4
lingkung,3
keluar,3
ragam,4
bimbing,3
kisas,3
rupa,4
bumbung,3
nomine,5
bujang,4
paham,3
khuluk,3
konklusi,3
suap,4
peringkat,4
panglima,3
tenggang rasa,5
junjung,4
legawa,4
eja,3
sambung tangan,4
jalan tengah,3
natur,3
ajojing,3
wibawa,3
ucap,3
tunggak,3
dagang,3
pukal,3
saji,4
orientasi,3
daulat,4
ilmu,4
kontan,3
sing,5
langlang,4
lagu,4
merger,3
alih generasi,4
mula,3
megah,4
pesam,4
kucur,4
api,4
caplok,3
gangsar,4
zakiah,4
dakwa,3
laju,4
kompetensi,3
adiluhung,3
konseptual,3
sentosa,5
bakti,4
sebu,3
raun,4
rencana,3
musara,3
sandar,3
riwayat,3
gempa bumi,4
banjir,4
tenggang,3
lilit,3
jajak,3
cerna,3
testimoni,3
doyan,3
salat,5
bareng,3
otak tajam,4
laras,3
catat,3
lontar,3
abai,4
darah,4
manusia,3
pegah,5
panil,4
pedoman,4
kiat,3
kias,4
punya,4
gilir,3
administrator,3
makna,5
embel,5
perang,3
kedai susu,4
kenyang,3
heban,4
daya pikir,3
mutakhir,4
interes,4
kasihan,4
lintang,3
buai,3
tenteram,4
organisasi,3
imitasi,3
telinga merah,4
enteng,4
utara,3
iktifak,4
daya,3
puja,4
sanjung,4
emong,3
superior,4
takar,3
muktabar,3
babar,3
presiden,3
pemair,3
akibat,3
gudi,4
prakira,3
baru,4
tiru,4
gempa,4
kuat,5
jangka,3
bahadur,5
bayangkara,3
lajnah,3
pakat,4
simpan,3
ronda,4
sembah,4
santun,3
cat,4
kilan,3
eksemplar,3
rupa,4
artifisial,3
mati,4
unda,3
model,3
vak,3
eco,5
baru,4
tenang,5
teoretis,3
reaksioner,3
santun,4
ornamen,5
belagu,4
pengalasan,3
telusur,3
buat,3
nama,5
dukung,4
pegang,4
temu,3
adika,5
kadang,3
final,3
umum,3
insinye,4
bayang,3
tata tertib,3
jajah,3
tenaga,5
ruji,3
tertib,3
urus,4
pinisepuh,3
bukan main,4
lembik,5
seloroh,3
dobrak,3
bidas,3
tertib,4
batas,3
timba,4
idam,3
tabe,3
leceh,4
lila,4
sering,3
terbit selera,3
lolos,3
dadak,3
jenang,4
serbasama,3
paduka tuan,4
ceria,4
kemudi,3
absurd,3
labuh,3
transaksi,4
gobek,3
susah,4
ikut,4
bayan,3
saruk,4
mudah,3
dingin,4
varia,3
itifak,4
tiba,3
rawi,3
paut,3
tiru,3
sebab,3
bimbit,3
percuma,4
gemar,5
sput,4
rakit,3
tanduk,3
anjung,4
bubuh,4
jasa,4
jidur,3
ajar,4
terang,4
nyanyi,3
impi,3
antara,4
prasetia,3
atas,3
seluk,3
simpuh,3
belok,3
ambil ibarat,4
hiruk-pikuk,4
martil,3
pukau,4
konsolidasi,3
sehat,4
kelar,3
kes,3
oles,4
kandung,5
imbas,3
memang,4
luluh,5
konstruktif,3
rama,3
girik,3
elektromotif,3
cemas,4
percaya,4
tegang,4
panitia,3
tepat guna,4
lahir,3
usaha,3
afair,3
budiman,4
gemirang,4
mustahil,3
sambat,5
enteng,4
imbas,3
tiang pancang,3
otentik,3
tangkap,3
sohor,5
bawa,3
porsi,4
ambil,3
dengar dapat,3
tajali,3
anggar,3
rembuk,4
harmonisasi,3
jiawang,5
bedah,3
meri,3
maut,4
objektif,4
level,4
agam,5
mapan,3
emosi,3
muai,3
hasil,3
muhibah,4
bangga,3
sepada,3
kikir,4
bantal,3
gambar,3
cedok,3
daya cipta,4
benak kepala,3
puja,3
mandraguna,4
ukur,3
sadu,3
prigel,4
perkolasi,3
jarak,3
cerita,3
muwafakat,3
tambah,5
inventif,4
sulur,3
abah,3
kinte,3
kedodoran,3
pola,4
kelelawar,3
kicu,3
hantu,3
nilai,5
kakap,4
busana,4
otak,3
erti,3
ada,4
tabah hati,5
eksplorasi,4
ingat,4
realistis,4
girik,3
masa kini,3
daif,4
utas,4
suai,3
tuntun,3
candu,3
kapah,3
pagon,3
kuala,4
laras,3
aktual,4
serta-merta,3
apit,4
belenggu,3
bajik,4
derajat,5
petes,4
ganjil,4
keras hati,4
pesat,4
gerak-gerik,4
esa,3
renovasi,4
cendera mata,4
tikar,3
usai,3
kanjeng sultan,4
ribut,4
budak,4
pulas,3
konformitas,4
bingkis,4
kenal,5
abadi,4
darah,4
merah,4
asri,4
takzim,3
potensi,3
proyeksi,3
sekongkol,4
stamina,3
maksud,3
idiosinkratis,4
mujarab,4
ahli,3
tamat,3
disiplin,4
maklum,3
harga,4
pangkat,5
semak,3
pusat,3
seia,3
lepek,3
dedengkot,3
iler,3
konco,4
lelah,4
gengsi,4
bentrok,5
bijih,3
campur,5
ingin,3
paheman,4
ikat,3
rias,3
cindur mata,4
lapis,3
paramarta,4
riah,3
watak,3
tokok,3
lantik,3
yamtuan,4
gapah,5
religiositas,3
lari,3
vakansi,3
spesial,4
asrama,3
orisinal,3
bantu,4
sangat,3
