putus tali gantung,-2
gelebah,-2
gobar hati,-2
sentuh asa,-1
isak,-5
larat hati,-3
nelangsa,-3
remuk redam,-5
tidak segan,-2
gemar,-1
tak segan,-1
sesal,-4
ken,-2
hayat,-2
absorpsi,-1
linu,-4
salah benang,-1
sakit,-5
lara,-5
zuhud,-1
cedera,-4
ingkar,-4
maaf,-3
khianat,-4
celaka,-5
mulu,-1
ngga,-2
borong,-1
lever,-2
kasi,-3
gamau,-4
doang,-1
pulas,-1
abis,-2
coba,-1
kangen,-3
kalau,-1
mau,-1
anda,-1
mari,-1
bener,-1
yaudah,-4
nggak,-3
gatau,-1
apa,-4
ngakak,-2
atuh,-1
sekali,-1
tarik hati,-1
cedayam,-2
kece,-3
makan,-1
bom,-1
malem,-1
cekau,-2
duga,-1
suara,-1
prediksi,-1
bunyi,-1
terka,-1
taksir,-1
antisipasi,-1
nang,-5
rompok,-2
soal,-1
griya,-1
gubuk,-2
anjir,-3
putus jiwa,-5
lalu dr dunia,-5
putus nyawa,-5
tarik napas habis,-5
buang nyawa,-5
hilang hayat,-4
putus napas,-4
kojor,-3
putih tulang,-2
buntu,-3
kalang tanah,-2
koit,-5
putus usia,-3
buntet,-2
tamat riwayat,-3
tamat riwayat,-3
hilang nyawa,-5
males,-4
asih,-1
kasih sayang,-1
kagum,-1
dendam berahi,-4
rindu,-3
afeksi,-2
cinta kasih,-1
renjana,-2
pagina,-2
tresna,-1
filantropi,-1
cintrong,-1
cetus,-1
kata,-1
rintis,-2
kronologi,-1
jalan buntu,-4
rintis,-2
jalan bebas hambat,-1
purwa,-2
lanjut umur,-3
bangkot,-4
sepuh,-3
lanjut usia,-3
lepra,-5
bau tanah,-4
umur,-2
purba,-3
jomblo,-3
gaco,-2
tambat hati,-2
sir,-2
malam,-1
tayib,-1
tayibah,-1
necis,-1
estetis,-1
baper,-4
perfek,-1
tolong,-2
sayid,-1
radang,-4
didih,-4
ngantuk,-2
sirap hati,-2
rampang,-2
kecil hati,-4
telinga merah,-3
sirap hati,-2
merah telinga,-3
mencak,-5
gaada,-3
manjur,-1
mujarab,-1
beber,-2
singkap,-3
tangkis,-3
mending,-3
akibat,-3
satir,-2
nyanyi,-2
sibuk,-2
gara,-4
dikit,-4
ilang,-5
kepeng,-2
bodo,-5
air,-1
suri,-1
ihh,-5
asasi,-3
nenes,-2
tumpu,-3
fondasi,-3
beliin,-1
sekam,-3
maafin,-3
mahir,-1
galak panas,-3
ngambek,-5
ampun,-3
balik akal,-4
tidak masuk akal,-4
ganggu jiwa,-4
majenun,-2
gelo,-2
gila,-4
kalap,-3
sedeng,-2
ubah akal,-2
rem,-5
terlalu,-3
sakit jiwa,-4
gendeng,-2
ubah ingat,-3
sinting,-5
gila,-4
sakit ingat,-4
sesat akal,-2
duh,-4
emg,-1
hujan,-2
aduh,-3
cerita khayal,-2
typo,-2
langkah baik,-1
isap jempol,-3
engah,-4
mafhum,-1
fiksi,-2
omong kosong,-4
bales,-3
profit,-1
waris,-2
selisih,-4
senjang,-4
bareng,-3
ekstasi,-3
laper,-3
hendak,-1
bandel,-5
ngaku,-3
kira,-1
telat,-5
kopong,-4
ngerti,-1
dunia,-2
nol,-3
nyari,-2
sorry,-4
ana,-3
bastar,-2
tega,-5
denyut,-3
kayak,-3
sibuk,-3
ringan tangan,-1
gelora,-2
sampai rasa,-2
energik,-1
bara,-3
kobar,-2
nyala,-2
mentolo,-2
sampai hati,-2
sungguh,-1
tren,-2
sembur,-3
imbas,-4
alir udara,-1
lesit,-1
rahayu,-2
mungkin,-1
gusar,-3
curat,-1
parah,-5
topan,-3
tembis,-3
damprat,-4
suak,-2
bongsor,-2
bias,-2
rajam,-4
rantus,-3
gentas,-2
nanya,-1
lelah,-3
bosen,-4
maksud,-1
susah hati,-5
kabung,-5
receh,-4
muram durja,-5
pls,-3
lara,-4
opp,-1
neng,-1
sungkawa,-3
susah,-5
peluk,-3
tt,-2
menep,-3
obsesi,-2
dekap,-2
gausah,-4
sengsara,-5
buru,-3
kencang,-3
kilat,-2
begini,-1
akas,-2
dahulu,-1
adang,-3
suruh,-2
terampil,-3
pesat,-2
sebat,-3
sput,-2
filsafat,-3
dogma,-3
imut,-1
doktrin,-3
lapar,-5
dominan,-2
masif,-3
liat,-1
keras tulang,-2
tangguh,-2
keseser,-4
maksa,-5
tanduk,-2
luput,-3
jaman,-2
geliat,-3
tumpas,-4
keok,-2
cecer,-3
bangan,-3
pengaruh,-2
lipur,-2
bedegap,-2
besar lengan,-2
gelibat,-2
suka cita,-1
pacar,-3
semangat,-1
bahagia,-1
desir,-2
suntuk,-4
adek,-1
block,-4
pening,-3
apa,-3
kliyengan,-4
pusing,-4
jenguk,-2
aku,-1
runyam,-5
luyu,-1
mikir,-3
elusif,-2
kuat duga,-2
pihak,-3
boong,-4
tandang,-2
kesi,-3
sayu,-3
cenderung,-2
selit-belit,-3
preseden,-2
miss,-4
napa,-2
ikut,-3
baik,-1
kesel,-5
intensif,-4
closed,-3
maap,-3
maaf,-3
kalem,-2
ndak,-3
rantai,-3
pinter,-1
mesti,-3
serang,-4
benak kepala,-3
otak,-3
daya pikir,-2
wajib,-2
dedengkot,-2
tagih,-3
bogem mentah,-5
gila,-3
nanti,-2
coret,-1
sebenernya,-1
halah,-5
alay,-4
gergaji,-1
masuk,-3
bayar,-3
tukang,-2
potong,-3
bayar,-3
curhat,-3
beri uang,-2
susup,-2
pakar,-1
kawaei,-2
babar,-2
jatuh,-3
runtuh,-5
perenyak,-4
gentar,-4
tanya,-2
pailit,-5
singkir,-5
lorot,-4
tetes,-3
roboh,-5
cebur,-5
biak,-3
jeblos,-4
gelincir,-3
rebah,-3
nyesel,-5
biasin,-3
terjun,-3
rusuh,-4
dapat,-2
tangkap tangan,-4
pelanting,-3
lubang,-3
cemplung,-4
jeblos,-4
diem,-3
pergok,-5
kaya,-2
banting,-3
tangkap basah,-3
babar,-1
terjerembab,-2
luruh,-2
gelincir,-3
buang,-2
henti tugas,-2
gogrok,-3
jelabak,-3
sembul,-3
cape,-4
cuat,-3
unjuk,-3
songsong,-2
balik,-2
sekutu,-3
kekang,-4
elu,-2
asa,-2
temenan,-2
purnama,-3
ekstrem,-4
dahulu,-1
inklusif,-2
baca,-1
revolusioner,-1
asak,-3
lelang,-3
mula,-3
radikal,-4
jejal,-3
begah,-2
telak,-3
telik,-2
hati,-3
ingat,-3
jaga,-3
entah,-3
tajam mata,-1
kelih,-3
please,-3
tae,-4
awas,-3
si dia,-3
gaboleh,-4
denger,-3
suruh,-2
waspada,-3
entah,-3
pelit,-5
kial,-4
nemu,-2
kroni,-3
bot,-2
cute,-1
rekan,-2
pihak,-3
wacana,-3
tengok,-2
subang,-1
komplot,-4
giwang,-1
lendeh,-3
simpuh,-3
ogah,-3
gelesot,-3
tumpang tinggal,-4
kuliah,-2
bulan,-1
semayam,-3
ampas kopi,-2
meni,-2
manja,-3
polos,-2
cokol,-4
cokol,-4
sia,-5
esok,-2
maneh,-3
himpit,-4
tindas,-5
pilih,-2
ngasih,-2
heboh,-3
pilih,-3
bete,-5
payudara,-3
man,-1
tetek,-4
onar,-5
buah dada,-3
biarin,-3
gempar,-4
dempet,-3
sebel,-5
ucap,-2
bergas,-2
gadang,-4
kawal,-2
alam,-1
sadar,-1
dukacarita,-4
apasih,-4
gugah,-1
tindik,-3
drama duka,-4
pindah,-3
oma,-2
derita,-5
tugas,-1
asri,-3
borak,-4
pedih,-5
pulak,-2
sunduk,-3
rawat,-3
buyut,-3
tragedi,-5
kecek,-3
andal,-1
sial,-5
kismat,-2
daya muat,-2
amuk,-5
surat takdir,-3
malang,-5
geruh,-4
iyain,-2
dikatain,-3
duluan,-2
pokok,-3
daya tampung,-2
daya serap,-2
nahas,-2
untung,-1
bahala,-3
gerhana,-2
sedi,-2
sengaja,-2
segitu,-3
php,-4
fk,-4
tendas,-4
kira,-3
gabut,-5
statis,-3
pasif,-3
batu,-2
hiatus,-2
stagnan,-3
bisu,-3
biar,-3
gasuka,-4
lepas,-2
rasa,-2
huhuhu,-2
bungkam,-4
kosong,-4
bajing,-5
rasa hati,-2
diam,-3
tegun,-3
kaget,-3
cabe,-2
sugesti,-3
kuota,-2
lengang,-4
tengkulak,-5
campak,-4
syur,-3
sanggama,-2
sepi,-3
naon,-2
teduh,-2
patung,-3
keluar,-3
maaf,-3
tutup mulut,-3
peranjat,-3
lanyak,-3
hina,-5
lancar,-2
nista,-5
leave,-3
licin,-2
murah,-2
spam,-3
mentang,-3
kepo,-3
tobat,-2
mentang,-4
ringan,-1
astagfirullah,-4
mudah,-1
titip api,-1
cebik,-3
fokus,-2
tahan,-2
resistan,-2
enteng,-2
astaga,-4
maapin,-4
berat tangan,-4
berat hati,-4
lembam,-4
macem,-2
realitas,-3
alpa,-3
yauda,-4
gigit,-2
ihhh,-4
sorang,-2
berat pinggul,-2
rasa,-2
milih,-2
kerubut,-3
sebab,-3
kempes,-4
bye,-3
kerubung,-3
tuntun,-2
tau,-4
serah,-3
wabah,-5
uar,-3
wara,-3
keroyok,-4
istirahat,-2
gajadi,-3
diri,-1
ati,-1
love,-3
ngerasa,-2
jelus,-2
timbal,-2
dajal,-5
artistik,-2
mukhlis,-2
tentang,-2
mbeling,-2
rame,-2
iri,-4
ngeselin,-5
ngatain,-5
ganjar,-5
junjung,-2
imut-imut,-1
seruh,-2
lurus hati,-1
lari,-2
senyum,-1
seringai,-4
ganjar,-3
panas hati,-5
keki,-4
jail,-4
lot,-5
sayang,-3
hukum,-3
bukan,-3
sayang,-3
beri,-2
balas,-3
gemes,-2
sukarela,-2
kebiri,-4
prasangka,-3
pahala,-1
pemuda,-1
mohon,-2
henti,-3
erang,-4
manah,-2
mabok,-4
panggil,-1
mager,-4
peduli,-2
item,-4
rip,-5
bandung,-1
haih,-4
muda,-2
tuhkan,-4
dua,-3
regenerasi,-2
gubris,-2
indah,-2
ribet,-4
master,-1
iri,-5
tetap hati,-1
tanggung,-4
diapain,-3
kira,-2
pelita,-2
nyali,-2
tangan panas,-4
rugi,-5
nyali besar,-1
tinggal,-4
ngerjain,-2
puntung,-3
percuma,-4
percaya diri,-1
pikir,-2
merah,-3
nyali besar,-2
nekat,-4
njir,-3
paksa,-4
baiat,-3
satria,-1
masak,-2
labil,-4
goreng,-2
antipati,-3
kontradiksi,-3
apa,-2
tinggal,-4
temenin,-3
kerumit,-5
khilaf,-4
nihh,-3
selidik,-3
wajib,-2
lagi,-3
negasi,-2
meh,-5
kota,-1
varian,-2
semi,-2
keruh,-4
colong,-5
kusut,-4
rudapaksa,-4
telaah,-2
ruwet,-4
sedih,-5
teledor,-5
hati,-2
kot,-1
serah,-3
lanjur,-3
cakep,-1
geleng,-3
seperti,-2
kagak,-3
cengang,-2
menung,-3
cengang,-3
cinta,-1
sesal,-4
lumayan,-2
mata,-2
duka,-5
atraktif,-2
pamer,-3
pucat,-4
pesona,-1
banjir,-4
takjub,-1
terpana,-2
bah,-3
kesima,-1
takjub,-1
pukau,-1
impas,-3
takjub,-1
bandang,-4
pukau,-1
tiada,-5
rasisme,-5
pesona,-1
sirik,-5
heran,-3
sesal,-4
gapernah,-3
rapi,-2
tanya,-3
penasaran,-3
tulus hati,-1
beton,-2
tunggu,-3
umpan,-3
cadas,-3
lembek,-4
hih,-4
tutup,-3
korban,-4
kurban,-3
sikit,-3
awal,-2
peduli,-1
bongkah,-2
bodoamat,-4
rela,-3
dengkik,-4
takda,-2
obat,-3
tetua,-2
error,-5
anugerah,-1
dongeng,-1
jir,-3
batas waktu,-3
impoten,-5
kiri,-3
perih,-4
babi,-4
habitat,-2
kenang,-2
reka,-2
memejahijaukan,-4
sembah,-2
tangguh,-2
sudah,-2
gebetan,-2
jutek,-5
ajal,-4
aku,-3
gerombol,-4
ora,-3
gatel,-3
tajam,-2
curu,-3
nongol,-2
barzakh,-4
sidang,-3
pantes,-3
ngalah,-3
jabat,-3
ganjil,-4
ketidaktentuan,-5
jarak,-3
sad,-4
comeback,-2
udahan,-4
ugh,-4
acuh tak acuh,-3
next,-2
tutup,-3
jenguk,-4
cuek,-5
sangkut-paut,-4
sayup,-3
ish,-4
doh,-4
pantat,-3
tebal telinga,-3
aneh,-4
korek,-4
diet,-3
syedih,-5
lugu,-2
interaksi,-2
berhala,-4
sudah,-3
iih,-5
tai,-5
kemaknagandaan,-3
masa bodoh,-4
final,-2
dimarahin,-5
nyuruh,-3
dibales,-3
sangkut,-4
kampret,-5
istirahat,-2
jin,-3
mikirin,-3
murtad,-5
mogok,-5
setan,-4
nyebut,-3
piye,-3
gusur,-5
drastis,-4
pojok,-4
cengang,-3
tunggu,-2
demon,-3
durhaka,-5
super,-2
kesal,-5
iblis,-4
baperan,-4
ngikutin,-2
sebentar,-2
keri,-4
hantu,-4
makhluk halus,-4
got,-3
diam,-3
bunuh,-5
siluman,-5
tumpah hati,-3
momok,-4
antem,-4
mangkas,-2
bain,-2
sundal bolong,-5
nahan,-3
sian,-3
jahil,-4
singgah,-2
sekongkol,-4
life,-2
bidah,-3
tantang,-4
selingkuh,-5
getar,-3
bohong,-5
classy,-2
peristiwa,-2
lumat,-4
insiden,-4
oon,-5
orok,-3
selingkuh,-5
nungguin,-2
bijih,-3
pelosot,-3
remuk,-4
keburu,-3
gadai,-3
runtuh,-4
anjing,-4
naena,-2
jabang bayi,-3
binasa,-5
dalih,-4
why,-2
modus,-3
waduh,-3
cuti,-2
bobrok,-5
tidurin,-2
cariin,-2
kandut,-3
dengung,-3
bakar,-3
ganyang,-4
rusak,-4
selusur,-3
konspirasi,-4
kurus,-3
berantak,-4
bully,-5
komplot,-4
jadi,-2
ngomongin,-3
stalk,-4
runtuh,-4
jeriji,-4
pasuk,-3
sange,-5
kongkalikong,-4
serong,-4
maki,-5
cemong,-4
kerasan,-2
kurang,-3
lilit,-3
hina,-5
hina,-5
kurung,-3
kecil,-3
cemooh,-5
malu,-4
umpat,-4
abai,-3
cemooh,-5
merem,-2
lock,-2
leceh,-5
lemah,-4
jelek,-5
ngilang,-3
kerak,-2
daif,-3
hina aib,-4
kontras,-3
ejek,-4
perang,-3
rundung,-4
marahin,-4
kelakar,-4
sakit,-5
sepele,-4
pait,-4
ngertiin,-3
cabul,-5
jijik,-5
tuak,-3
tauu,-3
beda,-2
hina rendah,-3
nista,-4
buruk,-5
kroco,-4
cela,-5
sindir,-4
busuk,-5
kumuh,-4
palit,-3
singgung,-5
besit,-2
cengkerama,-2
cumbu,-3
cemeeh,-4
sekadar,-3
noda,-4
bejat,-5
cibir,-5
biar,-3
rasa malu,-4
olok,-4
sakit,-5
benci,-5
ulah,-4
keji,-5
gampang,-3
gausa,-3
bobrok,-4
nyebelin,-4
main,-2
cumbu,-3
cerca,-4
daif,-4
ldr,-2
menang,-5
genit,-3
erik,-3
lemes,-3
jahad,-4
taraf,-2
monyet,-3
astaghfirullah,-3
letih,-3
tidur,-3
gapaham,-4
capek,-4
lama,-4
punah,-4
lesu,-4
tinggal,-3
apas,-3
mampus,-5
keramat,-3
campur aduk,-2
ricuh,-4
soms,-4
stress,-5
kemayu,-3
cangkum,-3
lama,-2
diginiin,-3
sihh,-2
yakali,-3
sakral,-2
ngenes,-4
tendensi,-3
kalut,-3
mati,-5
lenguh,-4
jahanam,-5
gangerti,-3
gegara,-3
godain,-3
idiot,-5
ambigu,-3
utang,-4
sial,-5
centil,-3
bacot,-4
mls,-4
sunyi,-3
balik,-3
amoral,-3
bekas,-3
anti,-2
gabole,-2
simpan,-3
ganggu,-4
sentimen,-3
perang,-4
santun,-2
rela,-2
mulut,-1
boro,-2
kasam,-3
pencet,-2
bantet,-3
sin,-1
kesumat,-4
bokek,-5
muncikari,-5
tip,-3
asusila,-5
stop,-3
ciut,-3
bengkak hati,-3
kosong,-3
dendam,-5
gaenak,-3
susah,-3
mucikari,-5
maapkan,-3
vulgar,-3
ndut,-4
turun,-3
hilang,-4
kecoa,-3
poko,-2
gituan,-3
ratap,-3
sepi,-4
pesan,-3
gelanggang,-3
salah,-4
kampit,-1
tunggu,-2
dengu,-3
gaje,-3
sakit,-4
senjang,-4
cedih,-3
jauh,-4
jijik,-5
putus,-5
nyakitin,-5
ngadu,-3
najis,-4
kzl,-5
ego,-3
geli,-2
maklum,-2
kambing,-3
diblock,-4
crash,-4
sampah,-4
maruk,-3
rangsang,-3
abai,-2
ninggalin,-4
otak,-2
erti,-2
renggang,-3
tewas,-5
amarah,-5
radang,-4
melek,-2
kenal,-2
buang,-4
nyangka,-3
dilupain,-4
kebo,-4
nyasar,-4
ungkap,-3
bocor,-4
ekspos,-4
usai,-2
pensiun,-3
dibully,-5
kontol,-5
mimpiin,-2
susila,-2
begadang,-3
eks,-3
mudarat,-5
delete,-3
cerewet,-5
berahi,-5
patah,-4
jerawat,-3
bawel,-4
pudar,-3
tega,-4
hilang,-3
hambur,-3
rongsok,-3
gairah,-2
asih,-2
mencret,-4
mamam,-3
iluminasi,-3
selingkuh,-5
jones,-3
banyak bicara,-3
hapus,-3
mantan,-3
iseng,-3
zakar,-3
air liur,-2
berengsek,-5
laporin,-3
leceh,-5
renti,-3
syahwat,-2
tinggi,-2
penat,-2
nyinyir,-4
bercerai-berai,-5
igau,-3
kenapasih,-3
nyesek,-4
rahasia,-2
anjay,-3
sumbat,-3
letih,-3
ucek,-3
lelah,-3
gila,-5
tamat,-4
singkap,-3
konco,-3
balesnya,-2
pantesan,-2
erotis,-4
curi,-5
perkara,-4
kutuk,-5
hilang ingat,-4
anjur,-2
bersitegang,-4
buah bibir,-2
teriak,-2
cegah,-2
rem,-2
tiri,-2
kerut merut,-3
rabies,-4
serapah,-4
diam,-3
tangkap,-3
emosi,-4
ria,-4
kutil,-4
teledor,-4
jarah,-4
jarak,-3
paksa,-4
relung,-2
heula,-2
atut,-2
pegang,-2
congkel,-4
keinget,-2
sumpah,-3
banding,-3
gempal,-2
hambat,-3
sakit,-4
asam,-2
aur,-3
traumatis,-4
pingsan,-3
latih,-2
ekang,-4
comot,-4
tembak,-5
ngamen,-3
tenggelem,-3
genang,-2
derita,-5
kasihan,-3
nyamuk,-1
keras hati,-3
buang,-3
tunas,-2
bad,-4
tanggung,-2
gatal,-3
seram,-4
jleb,-3
otot,-4
pisah,-3
idih,-3
banding,-3
badung,-4
blokir,-3
perkutut,-3
ngeri,-4
egois,-5
kubang,-3
abg,-2
tinggi,-2
hama,-3
hambat,-4
digituin,-2
nyariin,-2
ngarep,-2
ngeluh,-4
sisa,-4
makan,-2
gelap,-4
bolong,-3
awal,-2
merinding,-3
rinding,-3
tembam,-4
sentuh,-2
kontaminasi,-4
hate,-5
dalem,-2
salah,-4
lembam,-3
tempik,-4
tendang,-3
habis,-3
desah,-3
cuekin,-3
pikun,-4
kelu,-3
tinggal,-3
miris,-4
primitif,-4
typonya,-3
buru,-3
rampok,-5
ringkus,-5
besar,-2
diketawain,-4
nyeri,-4
hack,-4
terminasi,-3
sedih,-5
henti,-4
lupa diri,-3
keluar,-3
dikangenin,-2
gapuk,-3
bendung,-3
nyerah,-3
rebut,-3
edan,-3
jerit,-3
rampas,-4
nabrak,-4
tilap,-4
pekik,-5
ngiler,-3
maghrib,-2
catut,-3
sebab,-2
caplok,-3
rindu,-2
ramal,-2
ingetin,-2
gempar,-2
bopong,-3
seksi,-3
addict,-3
fail,-5
endus,-3
pendek,-2
pindah,-3
duet,-2
guram,-2
usir,-4
tekan mental,-4
hiruk,-4
mewek,-5
trauma,-5
unmood,-3
bekap,-3
ngerasain,-2
ejek,-4
bajak,-4
pusing,-4
week,-4
goda,-3
gajih,-2
tinggi,-2
mohon,-2
bolos,-3
hiruk-pikuk,-3
gugur,-3
olok,-5
engah,-3
mantan,-3
umbar,-3
krg,-2
kabut,-3
layuh,-3
lain,-4
unfollow,-2
risiko,-3
dingin,-3
ancam,-4
batuk,-4
sembarang,-4
ngadepin,-2
dalang,-3
geger,-3
acau,-4
pinggul,-3
tumben,-2
rusuh,-4
sindir,-3
redup,-3
kentut,-2
mainin,-2
musuh,-4
qada,-2
gabakal,-4
abu,-2
hoax,-5
emergensi,-4
enak,-4
muak,-5
mual,-5
buru,-4
acak,-5
close,-2
tegur,-3
susah,-5
ribut,-4
tbc,-3
shy,-3
cemas,-3
paranormal,-2
recok,-3
demo,-3
lost,-3
gangguin,-3
melankolis,-2
kabut,-2
kabur,-2
protes,-3
lupa,-3
usil,-3
jealous,-3
tular,-4
grogi,-4
keburu,-5
batuk kering,-3
pasrah,-2
tauk,-3
ganggu,-4
sengal,-4
kejut,-3
gelegak,-3
malapateka,-3
debar,-3
heboh,-3
bolos,-3
gede,-2
muram,-4
sotoy,-4
ampun,-2
derai,-3
nyalahin,-4
mafia,-5
sambat,-3
benci,-5
enek,-4
gaakan,-2
terlalu,-5
tutup,-2
kapah,-2
celaka,-5
jahil,-3
gerecok,-4
kolera,-4
ganjal,-3
guncang,-2
tanda,-2
sogok,-4
simpang,-4
bhay,-3
simbah,-3
saum,-2
cacing karawit,-3
ringkas,-2
yalord,-2
cemeti dewa,-2
nyesal,-4
narkotika,-4
syedi,-4
standar,-2
bangett,-2
beud,-2
gagah,-1
cabe,-3
tidur,-2
sunu,-2
neng,-1
kuyup,-3
alami,-3
kelir,-3
hati,-2
tata,-2
gundik,-2
luka,-5
belia,-2
album,-2
comel,-1
sibuk,-3
asuh,-2
alah,-4
hadeh,-4
enak,-4
udeh,-3
geluncur,-3
remaja,-2
akuan,-3
image,-2
bawain,-3
puasa,-2
kerut,-2
cacing jantung,-4
cacing ginjal,-4
brutal,-5
hamster,-3
diajarin,-3
luda,-3
giniin,-2
suap,-3
tetiba,-3
begini,-3
tebat,-3
tebak,-2
amatin,-2
diliatin,-3
mirip,-2
cacing gilig,-4
api,-2
senonoh,-5
garuk,-3
bisain,-2
timang,-1
insane,-4
sambel,-2
gjd,-3
malu,-3
kualat,-4
selulur,-2
sakit,-4
memang,-2
gersang,-3
tolak,-4
jilat,-2
jahatin,-3
cacing hati,-2
babu,-5
abai,-3
sedih,-4
timpa,-3
guncang,-3
kontroversi,-4
mblo,-3
bagaimana pun,-2
gakuat,-3
poor,-4
mata,-3
kenapaaa,-3
pikul,-2
lau,-2
gelicik,-3
jilat,-3
selir,-4
yaoi,-5
ngidam,-2
napsu,-3
zalim,-5
gelingsir,-3
bau kencur,-4
alergi,-3
kodok,-2
drop,-3
sedikit-dikitnya,-3
xx,-1
belikan,-1
sundut,-3
anggur,-4
pataka,-3
sepele,-4
kurang,-3
siapa,-2
mahh,-3
gamungkin,-3
matiin,-2
bantah,-3
nape,-3
selagi,-2
lagak,-2
cacing gila,-4
eek,-5
malesin,-4
anak bawang,-2
dinistain,-4
yahhh,-3
loloh,-3
sekongkol,-3
bokep,-5
jahat,-4
seksologis,-2
claim,-3
candu,-3
mumpung,-3
cemberut,-4
lepek,-4
jangann,-3
gilak,-4
gulir,-3
boros,-5
ganti,-3
air,-1
jujur,-1
akumah,-3
goodbye,-3
meski,-2
meski,-2
semena,-3
panas,-3
curcol,-3
rajam,-5
nyata,-2
keparat,-5
linggis,-4
hangus,-3
kepleset,-4
badmood,-4
die,-4
malak,-4
indikasi,-2
kesi,-4
denyut,-2
peleset,-4
selusur,-3
ihhhh,-3
bobroq,-4
tuyul,-4
remeh,-5
gantung,-3
taat,-1
intrik,-3
pdhal,-2
kerat,-1
raiso,-3
excited,-1
guling,-3
tewas,-3
balik,-3
gangsar,-3
kemas,-2
cari,-3
susut,-2
becek,-4
yaudh,-3
jaat,-3
luluh,-3
sohor,-1
rentan,-4
iyasih,-2
rusak binasa,-4
belah,-5
anjer,-3
alat vital,-2
gibah,-3
aurat,-2
rasain,-3
alat kelamin,-3
komplot,-4
alangkah,-2
pgen,-1
kutu busuk,-4
makelar,-3
manuver,-3
getir,-4
memek,-5
kalah,-4
tekan,-3
awas,-2
ngesot,-2
idam,-2
sudah,-3
samping,-4
gelecik,-4
larang,-3
mainstream,-3
iyak,-2
pahit,-3
cacing tambang,-2
seperti,-1
tolak,-2
bini gelap,-5
nyolong,-4
rebut,-3
ulah,-3
kompor,-4
yaahh,-3
jangan,-3
lieur,-3
kena,-3
hempas,-4
harap,-3
dahh,-3
karin,-2
gblk,-4
tembakau,-3
kerjain,-3
suspend,-3
mayat,-4
eksplisit,-2
buah simalakama,-3
biar,-3
salah langkah,-3
mumet,-4
debu,-3
itu,-2
lipur,-3
lap kaki,-2
pedes,-2
jera,-3
begak,-3
cela,-4
alone,-3
muntah,-4
celah,-3
menghisap,-1
segitunya,-3
dingin,-2
bidik,-2
stalking,-4
naudzubillah,-5
keling,-3
susuk,-4
kencing,-3
awan kelabu,-3
gemuruh,-3
fresh,-2
semata-mata,-2
ngeden,-2
sensi,-4
jambret,-5
mutu,-1
jauhin,-3
rupawan,-1
lucu,-2
jedot,-4
sukar,-4
umpat,-4
sangkut,-3
nyontek,-5
tegur,-3
rombak,-2
cemerlang,-1
siksa,-5
dibeliin,-1
sedihhh,-5
sedih,-5
bongkar,-3
ngarti,-3
cucut,-3
hutang,-5
gbs,-2
disalahin,-3
incess,-3
kabeh,-2
irit,-2
kabar angin,-3
angkot,-1
problem,-4
yampun,-3
surup,-5
komat-kamit,-3
manis,-2
teror,-5
pundung,-4
jadul,-3
sungkap,-3
lengket,-2
injek,-3
melarat,-4
tanah tandus,-3
dobrak,-4
sayat,-4
sedih,-5
retek,-3
coplok,-3
empas,-3
terror,-5
sanding,-2
takut,-4
jepit,-4
muskil,-2
aahh,-3
duka,-4
kurung,-4
mungut,-2
astagfirulloh,-4
peles,-1
muntah,-3
rapet,-2
kedaluwarsa,-3
kocak,-2
eror,-4
kenceng,-2
sehat,-1
melar,-2
death,-3
inkarnasi,-1
hidu,-1
geledek,-2
pacul,-4
besar,-2
tembok,-1
najisin,-4
jiji,-4
yaudahlah,-3
nusuk,-3
jigong,-4
dah,-3
uler,-3
lebay,-4
geli,-3
rasuk,-5
seteru,-4
emmm,-2
keladi,-3
lengket,-3
idk,-3
politik,-1
geledah,-3
ngelupain,-4
ngespam,-3
potong,-2
tenang,-1
panik,-4
ngilu,-4
tilam,-4
bencong,-5
pusink,-3
fitnah,-5
sesak,-3
harmonis,-1
bedah,-3
jatah,-1
lutut,-2
tunggang,-1
tusuk,-4
pecat,-5
kumat,-4
better,-1
ceria,-1
sodok,-3
sotau,-4
pitnah,-3
yelah,-3
diduain,-3
nyet,-4
pendek tali,-4
gemetar,-3
bau,-4
pojok,-3
ngomel,-4
numpuk,-3
hambar,-3
down,-3
mesiu,-1
neraka,-5
nganggur,-3
tertib,-2
blur,-4
langah,-3
mupeng,-2
biadab,-5
langau,-4
tekuk lutut,-3
guntur,-3
delay,-3
bangsat,-5
kereta,-4
mengap,-3
sendiri,-3
sahara,-2
cair,-1
belaka,-1
gigil,-4
masalah,-4
tumpuk,-4
sogok,-5
binasa,-5
celampak,-3
curi,-5
kecamuk,-4
cucok,-1
diancurin,-3
sapu,-3
kapok,-3
gabaik,-3
cocok,-3
cekak,-3
bogum,-3
majikan,-3
suka,-1
igau,-3
stres,-4
bual,-4
hempas,-4
dipamerin,-3
aniaya,-4
absurd,-2
yg tuan,-3
beling,-1
suci,-1
cubit,-3
bobol,-4
lebai,-3
pipis,-2
lirih,-3
rewel,-4
nestapa,-3
amit,-4
nyampah,-4
depresi,-4
dukacita,-3
hembus,-3
boker,-3
rokok,-3
banjir,-3
darah dingin,-4
manja,-3
rogoh,-3
rogok,-3
ditidurin,-4
copot,-3
rosak,-3
halang,-3
santet,-5
gejolak,-3
dilema,-3
apek,-4
gabutuh,-3
sembur,-3
kejam,-4
rontok,-3
serah,-4
sendu,-2
elegan,-1
jelma,-3
konsekuensi,-3
lapang hati,-1
pajak,-3
yodah,-2
gagal,-4
pasrah,-3
tumbuk,-3
sisih,-2
terajam,-4
tkde,-1
berangan,-3
banyol,-3
ria,-3
sayu,-2
musuh,-4
pelosok,-3
anjeng,-5
pending,-3
cry,-3
mules,-4
ketar,-3
prihatin,-3
mustahil,-2
komplikasi,-3
soal,-3
isu,-1
anjis,-1
melet,-3
taik,-5
buta hati,-4
kantong tipis,-4
darah,-1
hilaf,-4
ex,-1
anjg,-5
ngeles,-3
goda,-3
murung,-4
jutekin,-5
rasuk,-3
kelok,-2
huhuu,-4
belenggu,-3
rebak,-3
ledak,-4
hayoloh,-3
bisik,-2
lembung,-3
ecer,-2
bagal,-3
anjlok,-4
haters,-5
gosah,-3
bandar,-4
dosa,-4
gonggong anjing,-3
kgk,-3
nyiksa,-4
maho,-4
compeng,-4
ciplak,-3
kalah,-2
cabul,-5
rang,-3
gelagap,-2
ganggu,-4
nyali,-3
biang keladi,-4
gembul,-3
betina,-2
konyol,-3
cengeng,-4
aduk,-3
ngancem,-4
gores,-3
elak,-3
ganjar,-3
murah,-4
pedofil,-5
sebarang,-2
ngetawain,-4
ragu,-3
gone,-2
pedih,-4
sangka,-3
suudzon,-4
cucuk,-3
golek,-1
layan,-2
diare,-4
leleh,-3
bakat,-1
berat telinga,-3
ada,-3
mending,-3
ugal-ugalan,-2
ngestalk,-4
curiga,-4
begitu saja,-2
satu,-1
peluk,-1
faedah,-1
petaka,-4
masygul,-2
jatohnya,-1
kasih,-1
pelecok,-3
benguk,-2
semangatin,-1
ringkih,-4
liat,-1
timpa,-3
rasuk,-3
sunu,-2
hati,-2
tunggang,-1
kata,-1
guling,-3
turun,-3
singkir,-5
damprat,-4
ingkar,-4
aur,-3
adang,-3
keroyok,-4
rem,-5
siapa,-2
jelek,-5
rusak,-4
pesona,-1
pencet,-2
perkara,-4
anggur,-4
darah dingin,-4
remuk,-4
mahir,-1
tangkap tangan,-4
kabung,-5
pasuk,-3
khianat,-4
kutil,-4
dapat,-2
kelakar,-4
renti,-3
cecer,-3
poko,-2
belah,-5
nang,-5
usil,-3
usir,-4
amuk,-5
hidu,-1
bain,-2
buang nyawa,-5
pukau,-1
sapu,-3
otot,-4
cela,-4
sayang,-3
jahat,-4
remeh,-5
mudah,-1
neng,-1
mula,-3
palit,-3
keluar,-3
tamat riwayat,-3
selusur,-3
aku,-1
hilang,-4
bom,-1
celampak,-3
kerubung,-3
bangan,-3
sentuh asa,-1
cengkerama,-2
tau,-4
curat,-1
enak,-4
gubris,-2
masuk,-3
kayak,-3
buruk,-5
api,-2
caplok,-3
pihak,-3
apa,-3
cebik,-3
kesi,-3
anda,-1
ekspos,-4
lutut,-2
suara,-1
dalih,-4
apas,-3
hilang ingat,-4
desir,-2
hendak,-1
kusut,-4
menung,-3
wara,-3
keruh,-4
gampang,-3
sengal,-4
kerumit,-5
tugas,-1
salah,-4
sekongkol,-4
ancam,-4
nyata,-2
ganggu jiwa,-4
kerut,-2
heran,-3
jatuh,-3
jalan bebas hambat,-1
uar,-3
sanding,-2
tantang,-4
dengu,-3
loloh,-3
geger,-3
mungkin,-1
gede,-2
sir,-2
peleset,-4
banding,-3
kecil,-3
tumpu,-3
jepit,-4
gulir,-3
panik,-4
malang,-5
leceh,-5
mau,-1
gantung,-3
tekuk lutut,-3
surat takdir,-3
prasangka,-3
lama,-4
suci,-1
lesit,-1
rebak,-3
satu,-1
susah,-3
balik,-3
lancar,-2
kobar,-2
tunggu,-2
ikut,-3
kompor,-4
celah,-3
junjung,-2
bopong,-3
aduk,-3
gelicik,-3
mutu,-1
tangkis,-3
itu,-2
lumat,-4
henti tugas,-2
jambret,-5
jelma,-3
maklum,-2
muram durja,-5
main,-2
empas,-3
bual,-4
ratap,-3
gaco,-2
sayat,-4
kagum,-1
ingat,-3
dah,-3
putih tulang,-2
lorot,-4
pisah,-3
sodok,-3
cibir,-5
meni,-2
lanjur,-3
lupa diri,-3
lucu,-2
sohor,-1
perenyak,-4
tanda,-2
batu,-2
simpan,-3
keri,-4
heboh,-3
pergok,-5
erti,-2
ketar,-3
samping,-4
ringan,-1
cocok,-3
album,-2
tinggal,-3
tagih,-3
nyala,-2
sidang,-3
mata,-2
lain,-4
cetus,-1
sampah,-4
rampas,-4
keras hati,-3
sanggama,-2
rogoh,-3
tenang,-1
rogok,-3
buang,-3
prediksi,-1
asa,-2
cari,-3
diri,-1
umur,-2
duga,-1
cair,-1
recok,-3
isu,-1
galak panas,-3
sungkap,-3
ecer,-2
mungut,-2
tumpah hati,-3
rang,-3
hina rendah,-3
gugur,-3
pacul,-4
baiat,-3
lembung,-3
kapah,-2
gusar,-3
surup,-5
isap jempol,-3
cerca,-4
tata,-2
sisih,-2
sial,-5
gentar,-4
sangkut,-4
susah hati,-5
alam,-1
tumbuk,-3
pengaruh,-2
halang,-3
rusuh,-4
tilap,-4
cangkum,-3
onar,-5
panggil,-1
rundung,-4
jilat,-3
tanggung,-2
ana,-3
rugi,-5
gempar,-2
gerombol,-4
colong,-5
tertib,-2
tuntun,-2
hukum,-3
idam,-2
gelingsir,-3
soal,-1
catut,-3
suka,-1
cumbu,-3
gonggong anjing,-3
kaya,-2
kandut,-3
rantai,-3
keji,-5
tebak,-2
tumpuk,-4
rajam,-5
sendiri,-3
pelanting,-3
tinggi,-2
tebat,-3
kemas,-2
asuh,-2
ceria,-1
kecamuk,-4
bejat,-5
pegang,-2
tidur,-3
pemuda,-1
larang,-3
rangsang,-3
tembok,-1
menang,-5
baik,-1
gadang,-4
kelok,-2
kenang,-2
ledak,-4
kuat duga,-2
abu,-2
cebur,-5
abai,-3
serang,-4
gores,-3
rongsok,-3
tindik,-3
luka,-5
jangan,-3
bunyi,-1
kerak,-2
bekap,-3
bekas,-3
kesima,-1
pikul,-2
ciut,-3
kereta,-4
santun,-2
habis,-3
layan,-2
sundut,-3
jadi,-2
susut,-2
gelincir,-3
tajam,-2
simpuh,-3
bara,-3
cemas,-3
sunduk,-3
kongkalikong,-4
susup,-2
campak,-4
ganjar,-3
babar,-1
tembak,-5
sembul,-3
ken,-2
tegur,-3
latih,-2
korek,-4
yg tuan,-3
lupa,-3
alir udara,-1
tegun,-3
konspirasi,-4
cinta,-1
tekan mental,-4
ganti,-3
memang,-2
tangkap,-3
tutup mulut,-3
gelanggang,-3
nahas,-2
gigil,-4
ungkap,-3
sambat,-3
tanduk,-2
cekak,-3
lemah,-4
nenes,-2
cekau,-2
ekang,-4
prihatin,-3
besit,-2
jabat,-3
dua,-3
enteng,-2
singgung,-5
taat,-1
busuk,-5
tarik napas habis,-5
semayam,-3
potong,-2
genang,-2
hina aib,-4
gejolak,-3
hiruk,-4
sengaja,-2
takut,-4
geleng,-3
selulur,-2
suap,-3
sembarang,-4
gelesot,-3
kalang tanah,-2
antem,-4
tunas,-2
gelap,-4
menep,-3
umpat,-4
biak,-3
biar,-3
batas waktu,-3
tetes,-3
licin,-2
maki,-5
songsong,-2
tusuk,-4
sungkawa,-3
dunia,-2
faedah,-1
ganyang,-4
gerecok,-4
umbar,-3
telinga merah,-3
sakit ingat,-4
tolak,-4
bandel,-5
sepele,-4
jarah,-4
jarak,-3
suntuk,-4
gelora,-2
aniaya,-4
balas,-3
banting,-3
hayat,-2
daif,-3
lubang,-3
dosa,-4
tarik hati,-1
ejek,-4
jauh,-4
goda,-3
berangan,-3
rampok,-5
lendeh,-3
parah,-5
peranjat,-3
nyanyi,-2
getar,-3
hina,-5
geruh,-4
ada,-3
lalu dr dunia,-5
elu,-2
cucut,-3
retek,-3
kasi,-3
jejal,-3
cucuk,-3
jedot,-4
antisipasi,-1
celaka,-5
patung,-3
sindir,-3
bukan,-3
geliat,-3
mirip,-2
alami,-3
lepas,-2
harap,-3
comot,-4
siksa,-5
acak,-5
sendu,-2
acau,-4
hempas,-4
ganjil,-4
derita,-5
bantah,-3
untung,-1
sudah,-2
hangus,-3
ampas kopi,-2
simbah,-3
leleh,-3
bidik,-2
lari,-2
sentuh,-2
usai,-2
dengung,-3
cemplung,-4
ribut,-4
olok,-4
kelir,-3
buru,-3
geluncur,-3
bakat,-1
musuh,-4
pacar,-3
cemerlang,-1
bisu,-3
kurang,-3
rebut,-3
tendensi,-3
duka,-5
gelecik,-4
balik akal,-4
mari,-1
pelecok,-3
bendung,-3
makan,-1
besar,-2
tular,-4
timbal,-2
teduh,-2
pokok,-3
baca,-1
cedera,-4
maksud,-1
lot,-5
dahulu,-1
sungguh,-1
ubah ingat,-3
anjur,-2
ramal,-2
terka,-1
jaga,-3
ruwet,-4
semangat,-1
beri,-2
mencak,-5
seteru,-4
aneh,-4
lagi,-3
tentang,-2
tutup,-2
lanyak,-3
curu,-3
tekan,-3
nista,-5
sumbat,-3
tumpang tinggal,-4
erik,-3
beri uang,-2
tahan,-2
sembah,-2
ubah akal,-2
tip,-3
tambat hati,-2
ogah,-3
panas,-3
simpang,-4
sunyi,-3
indah,-2
noda,-4
langah,-3
langau,-4
taksir,-1
beda,-2
hambur,-3
tangkap basah,-3
bandung,-1
bahagia,-1
bisik,-2
coret,-1
ngaceng,-5
jihat,-4
arau,-4
tubruk,-3
lesap,-3
transformasi,-5
gabung,-5
gasak,-5
maklumat,-3
kerut,-3
inersia,-4
lebur,-5
senyampang,-4
ayun,-3
hadirin,-3
pantang,-4
porno,-5
karut,-5
tingkeb,-3
bayi,-3
empot,-5
gulir,-3
lembu liar,-3
kemandang,-3
rantas,-3
sambung,-3
aus,-5
gulung,-4
moyang,-4
berang,-5
singkil,-4
deru,-3
tumpuk,-3
represi,-4
lunas kapal,-3
distorsi,-4
risi,-3
semak hati,-5
lintas,-4
tung,-3
risa,-4
benyot,-4
bromocorah,-5
medok,-3
lencana,-3
ekshibisi,-3
dua kali,-3
hening,-3
lingkup,-3
gam,-4
cagil,-4
mampat,-3
kaji,-5
gelogok,-3
gapil mulut,-4
sudah,-3
selesma,-3
pari-,-3
khafi,-5
lumang,-5
omong kosong,-4
kecandan,-4
basmi,-5
petuah,-3
cegat,-3
pulsa,-3
rancu,-4
luruh,-3
titis,-3
santet,-3
unjuk rasa,-3
ketupat bengkulu,-5
tawar,-4
cacat,-5
titik,-3
ikhtiar,-4
pelekok,-3
betung,-3
buang,-4
jauh,-3
ganda,-3
anjak,-3
sulam,-5
bengal,-4
serius,-5
kusut hati,-5
mupus,-5
kait,-4
barua,-5
robek,-4
judes,-4
belembang,-5
betas,-3
madat,-3
sensasi,-5
sandung,-5
catak,-4
interlokusi,-3
rongseng,-4
baya,-4
merinin,-3
tempo,-4
cacing kalung,-4
makmur,-3
tular,-4
borok,-5
kentara,-3
restan,-3
toleransi,-3
caci,-5
pati,-5
mamah,-4
dorong,-4
pancakara,-4
tenggang,-3
hunjam,-4
angkat tangan,-5
sumbang,-4
hangat,-4
cekuh,-3
forum,-3
anjing tanah,-5
juang,-3
dering,-3
mentok,-5
jendala,-5
puyeng,-4
kelesa,-4
tambah,-5
kerdak,-4
gelabur,-5
tutur,-3
malak,-5
rapat,-3
fasid,-5
celoteh,-4
balik belakang,-5
selang,-3
tais,-3
kelasah-kelusuh,-5
orang,-3
gencet,-5
muat,-3
bersih,-5
walak,-5
unit,-4
jaga,-3
anjung,-3
tahi angin,-4
kerekau,-3
musir,-4
saran,-3
larang,-3
rangkum,-3
rangkul,-3
orang bunian,-4
rintang,-4
rangkup,-3
rangkus,-4
abdi,-3
sesak,-3
bohong,-4
karut,-5
prajurit,-5
suari,-3
obat bedil,-3
sarau,-5
bayu,-4
usir,-4
miliun,-5
helat,-4
lisong,-3
selekeh,-5
kantong,-5
tara,-3
runcing,-4
disparitas,-4
lawan,-5
gelongsor,-4
tesis,-3
relai,-5
lik,-4
naik pitam,-4
tulup,-3
bohong,-4
tandang,-4
ibadat,-3
vibrasi,-3
jerkah,-5
fakir,-5
kode,-3
cencala,-5
rusuh,-5
genitalia,-3
sigar,-3
ungkit,-3
fadihat,-5
indehoi,-3
ta,-3
akik,-3
jamah,-5
sewot,-5
bolsak,-4
dusta,-4
dusta,-3
urung,-5
kasiku,-4
sadar,-3
cirit,-5
jolok,-3
penting,-4
apkir,-4
penuh,-3
hubung singkat,-4
adiktif,-4
singkap,-4
lubuk,-3
redup,-3
lelucon,-4
umbul,-3
paut,-4
sangkak hati,-4
kadam,-3
turut,-3
hot,-4
jalan lingkar,-4
terang,-3
uji,-5
coreng moreng,-4
iri hati,-5
setia,-4
kurang darah,-4
makmum,-3
deriji,-4
buru,-3
sedu,-5
cunam,-3
keramat,-5
mu,-4
sampean,-4
jendera,-4
menggelabu,-4
bedol,-4
pakai bahasa,-3
arca,-3
sistem,-4
buang air,-5
siasat,-3
lecet,-4
walang hati,-5
buru,-5
damprat,-5
senda gurau,-4
tala,-3
tegal,-4
umpil,-3
singgung,-3
duri,-4
bantah,-3
bahasa,-4
gugup,-5
gugus,-4
cikun,-5
rorod,-4
tua uzur,-3
rompes,-4
kepalang,-3
ulam,-5
pandemi,-5
atribut,-3
deskripsi,-4
geblek,-5
bungsu,-3
sembunyi,-3
anggar lidah,-3
londang,-3
bakar,-5
kesel,-5
rabit,-3
keluarga,-3
berangsang,-5
hilang akal,-5
cenderung,-3
junior,-4
penjara,-4
sesak,-4
banyak cakap,-4
antitesis,-3
kotor,-5
cucur,-5
kelih,-4
tanggung,-4
barut,-3
kelis,-3
pipit,-3
intiha,-3
tenggalam,-3
sesar,-3
sesap,-3
sayap,-4
pelak,-3
cemomot,-4
bebal,-3
antuk,-4
lantar,-4
satelit,-3
angsur,-3
danyang,-4
seleweng,-5
dangkung,-3
soak,-5
hujat,-4
rombong,-4
caing,-3
sorak,-3
tabur,-3
imbesil,-5
pelir,-5
cukup,-5
kemban,-5
keris,-4
sumbat,-5
cekcok,-4
asan tak asan,-5
jual murah,-3
tengking,-4
konfirmasi,-4
gundang,-5
amit,-4
pecah,-4
gairah,-3
cengkeram,-5
nafi,-4
sakar,-5
pepet,-5
ketat,-3
cuma,-3
dompol,-4
cecak,-3
lumur,-4
lukat,-4
jeli,-3
aborsi,-3
lembu hutan,-3
jalu,-4
puntianak,-5
bicara,-3
acau,-4
tuju,-4
pinggir,-4
rangsang,-4
jatuh,-4
kerabu,-5
debil,-5
laif,-5
bentul,-3
renyang,-5
becak,-3
aji,-3
tabal,-3
rona,-3
bagi,-4
laik,-5
bundak,-3
narkotik,-3
resan,-5
koyak,-3
anggota,-3
sakit,-5
benjut,-4
buni,-5
sangkal,-4
coleng,-4
pangah,-4
tindih,-4
olahraga bokser,-5
sano,-4
keset,-4
bening,-4
hemat,-3
lebar mulut,-4
ambles,-4
konglomerasi,-4
prapendapat,-3
generasi,-3
tunjang,-3
papas,-5
abses,-4
handai,-3
jawat,-3
geriap,-4
sara,-3
absen,-3
serampu,-3
candala,-5
batel,-4
tumpat,-4
jejak,-3
degil,-5
masyhur,-5
dangkar,-4
talak,-3
dengki,-5
bahaya,-4
guguk,-5
inisiator,-4
harus,-5
pergi,-3
giat,-4
cucup,-3
nebeng,-3
kepala angin,-3
asal,-3
asak,-3
padang luas,-3
selundup,-3
anugerah,-3
kusut pikir,-4
galas,-4
temporer,-4
kocar-kacir,-5
sambung jiwa,-3
degub,-3
desak,-4
laknat,-5
pikir tumpul,-3
gema,-4
sirat,-3
epidemi,-5
minta,-3
bacok,-4
kepialu,-4
sepakat,-4
desau,-3
jenewer,-4
cium,-3
kernai,-4
rekomendasi,-3
nista,-5
kemandang,-3
paruh,-3
loyo,-3
gerah,-5
sekar,-4
rusuk,-4
cangkul,-4
tangguh,-3
trek,-3
minum,-3
ingat,-3
hingar,-5
wreda,-4
petus,-3
loksek,-4
cari,-4
copet,-5
daing,-4
kongkong,-3
sara bara,-5
rapun,-5
eban,-4
tuhmah,-3
perit,-4
rasuk hati,-3
minus,-3
erot,-4
se-sat pusat,-4
sikut,-5
khalifatullah,-4
desersi,-3
nobat,-3
tengah,-3
direksi,-3
kecap,-4
pamflet,-3
campak,-5
bimbang,-4
pangkur,-4
bablas,-5
somplak,-4
mamah,-4
doi,-3
iming-iming,-3
kembang-kempis,-4
sabet,-5
geger,-3
seteru,-5
rumung,-3
embat,-5
jual,-5
derek,-5
mata betung,-3
hasud,-5
koteng,-3
hulu,-3
sukar,-4
ban,-4
tinggal,-4
semua,-3
patah pucuk,-5
ketupat bangkahulu,-5
gedang,-4
sitoplasma,-5
umum,-3
benam,-5
senyap,-4
puisi,-3
gelap,-4
telerang,-3
musuh,-5
asing,-5
digresi,-4
penyap,-3
lancip,-4
hoki,-3
celomes,-4
implementasi,-4
semrawut,-5
atresia,-3
jejak,-4
lopak,-4
bahana,-3
mampir,-3
surai,-3
gambar,-3
asid,-5
goyang,-3
rangkap,-3
leku,-3
langsuir,-4
random,-4
takal,-4
pupus,-5
dukun,-3
mengharubirukan,-4
irsyad,-3
rurut,-5
gelantung,-4
diplomasi,-5
buram,-3
intai,-3
inap jenazah,-3
carik,-5
paksa,-4
belakang,-3
timbal,-3
cerca,-5
pelana,-3
buras,-4
folder,-5
blangko,-3
badan,-3
tampar,-3
poleng,-3
bekam,-4
tipu muslihat,-5
seluk,-3
jungkal,-5
kata,-4
jengkang,-5
stok,-3
jalan arteri,-4
buah,-3
inferioritas,-5
tampak,-3
cakar,-4
comberan,-4
gaul,-3
bab,-4
tampak,-4
beringas,-4
pada,-3
rudin,-5
marak,-3
vampir,-5
gaet,-5
pincang,-4
indolensi,-4
cakar,-4
dekadensi,-5
ambruk,-5
bagai,-3
rubuh,-5
pawana,-4
radius,-4
kerikil,-3
rambu,-4
halang,-4
cemar,-5
lekat,-3
periksa,-5
lekas,-3
lekap,-3
cemat,-5
bunting,-3
disentri,-5
babak,-4
tingkat,-4
merosot,-5
atur,-4
gabas,-5
kohor,-3
lebih,-4
tunjuk,-3
suplai,-3
inteligen,-4
gunjing,-5
artikel,-4
berjubal,-3
semir,-5
pongsu,-4
tatah,-5
anarki,-4
lam,-5
mencepung,-5
azab,-5
tegah,-5
sumpah,-5
dabih,-3
sisi,-4
pinak,-3
cempeng,-4
linguis,-3
guam,-4
telimpuh,-3
dangkung,-3
surut,-3
adil,-4
pita,-4
bual,-4
bijaksana,-4
awa-,-3
gulat,-4
sigi,-3
kagum,-5
jambak,-5
cekah,-4
langgar,-4
lunyah,-3
ujar,-4
pikir,-3
cepol,-4
lemau,-4
lepas,-5
cekat,-4
simpang-siur,-4
tengah,-3
jebol,-3
setrap,-3
hadir,-3
subversif,-4
sembarang,-5
timang,-3
balkon,-3
juwita,-4
simbah,-5
sila,-3
tambeng,-5
anyir,-4
hormat,-3
dekus,-3
madani,-4
anggur,-4
dikit,-3
ayat,-4
semprot,-5
reguk,-3
seluruh,-3
jelata,-5
berak air,-4
selia,-4
senang,-4
pejal,-3
kendati,-3
tunggang gunung,-4
asih,-4
gembung,-3
jodoh,-3
lindur,-3
tuntut,-3
beredak,-5
semena-mena,-5
kedung,-3
antek,-3
mandiri,-3
bancang,-5
perdata,-3
tumbuk,-4
tawon,-3
isolasi,-3
putus akal,-5
ringan lidah,-4
serempak,-3
perosok,-5
tebuk,-3
ain,-5
topek,-4
alur,-4
serak,-4
lengar,-4
aib,-5
frustasi,-3
semat,-4
ganggang,-3
bimbing,-3
wujud,-3
wafat,-5
tiada,-3
tolak,-3
geluduk,-3
arsip,-5
upaya,-4
papakerma,-5
istan,-5
buang air besar,-5
tongong,-3
tuntun,-3
cape,-3
inventori,-3
labrak,-5
sedikit,-4
khinzir,-4
curna,-5
huni,-3
rayap,-3
oles,-4
demonstrasi,-4
cuka belanda,-5
alih,-5
damping,-3
geletar,-4
kompas,-3
raib,-3
bongkar,-3
pandir,-5
antara,-3
kelam kabut,-4
tambun,-3
topo,-5
sunat,-5
lawat,-4
antara,-3
duaja,-3
pegawai perintah,-3
rahmat,-3
gam,-3
tanggung,-5
berandal,-5
libas,-4
selawat,-3
pangsa,-3
pica,-4
riba,-3
sengat,-4
kanun,-3
tanggap,-5
gugat,-4
kumandang,-3
boyak,-5
lucah,-5
cekang,-3
gondok,-4
ambai,-5
sangat,-5
gendak,-5
dalalah,-5
cinta,-3
timpa,-3
sewal,-5
gosip,-5
mata ikan,-4
muncul,-3
tungku,-4
ambau,-5
pukang,-3
terbang arwah,-4
ungkap,-4
sentuh,-5
aktif,-3
panas,-4
ruat,-4
bantai,-4
plonga-plongo,-3
keropos,-3
rangkai,-4
tindak,-4
bantar,-4
ruai,-4
ruak,-4
pagebluk,-5
canggung,-4
geliat,-3
lenggana,-4
insentif,-3
rangkam,-4
gegadan,-5
kicau,-4
kucur,-3
rangkak,-3
shabu-shabu,-3
banyak mulut,-4
orok,-3
cekcok,-4
lapor,-5
unting,-5
ambiguitas,-5
samping,-4
bando,-4
carak,-3
celetuk,-5
ledek,-5
arah,-4
pohon,-4
rumor,-5
aram,-3
timang,-3
jelingah,-3
dengus,-3
dengut,-3
laga,-4
nasihat,-3
rawan,-4
murup,-3
lasat,-5
congor,-3
tegap,-3
lengkap,-3
sederhana,-5
jentaka,-5
macis,-4
amor,-4
dedak,-3
perosok,-4
jereket,-3
salin,-3
anak pinak,-3
gelora,-4
jemu,-3
sedat,-4
bonggol,-4
belah,-4
susila,-4
liku,-4
hidung,-5
saba,-3
satu,-4
runtun,-5
redam,-4
buah hati,-3
doa,-3
geser,-5
birokrat,-3
barang bekas,-4
pihak,-4
elus,-3
tegar,-4
huni,-3
datang hati,-5
gegabah,-5
instruksi,-3
sadis,-5
ting,-4
sarak,-3
kandas,-5
lari,-5
agama,-3
dompleng,-3
menit,-3
kisar,-3
hapus,-3
loak,-4
dekaden,-5
bukti,-3
kemih,-3
tabrak,-3
dungkul,-4
sia,-4
kerok,-3
potol,-4
aliansi,-4
riba,-3
luak,-3
hantam,-5
tanda,-3
menjapit,-4
rosok,-3
rat,-4
ujung tangan,-4
encok,-5
otek,-4
koneksi,-4
mulut rambang,-4
anggara,-4
recok,-4
tindih,-4
gili,-3
urine,-3
kebat,-3
dedah,-4
armada,-5
kutuk,-5
tang,-5
wan,-4
masuk,-3
gado,-4
wah,-3
gamang,-3
cantik,-4
rembes,-3
lemah,-3
setan,-3
rakaat,-4
lepas,-5
terowongan,-4
vakum,-3
tolak,-4
faring,-5
gemuruh,-3
ramah,-3
ramai,-5
lontar,-3
hanyut,-4
sanggit,-5
esensial,-4
jajar genjang,-4
habis,-4
tampak,-4
cumbu,-4
lalat kerbau,-4
tidak keruan,-3
jaring,-4
duel,-4
cegah,-3
curang,-5
lewat batas,-4
tengak,-4
dampak,-3
tengkar,-4
ragu,-3
layu,-4
balela,-4
pergok,-5
rua,-4
cacau,-5
inspirasi,-3
amuk,-4
tuju,-3
petir,-3
belit,-4
lusuh,-5
siar,-3
galaba,-5
tunjang,-4
pental,-3
paruh,-3
darurat,-4
geming,-4
hangit,-5
gepok,-5
realisasi,-3
motivasi,-4
angkat,-5
rupa,-3
sentuh,-3
kungkung,-3
ajar,-3
luwes,-4
siar,-3
aco,-5
pegawai negeri,-3
rundung,-4
parut,-3
panar,-3
oyok,-3
cingangah,-4
tele,-3
serap,-3
hilang pikir,-4
getol,-3
kebiri,-3
rapat,-3
batil,-4
telanjur,-5
siksa,-5
setip,-3
kalimantang,-3
salah urat,-3
tempat,-3
motif,-3
indo,-3
jerit,-5
ziarah,-4
adimarga,-4
solang,-3
kelik,-3
berogak-ogak,-4
pusu,-4
arus udara,-4
cerah,-3
potong,-3
bambu,-3
bendera,-3
empedal,-5
pindah,-5
cecunguk,-5
tulah,-3
barkas,-5
canda,-4
iring,-4
datuk,-4
malak,-4
kumandang,-3
turun,-3
kacrek,-3
ametis,-4
segi,-4
gembira,-3
tangkap tangan,-5
batalion,-5
asimilasi,-3
reyot,-3
jumpa,-4
masygul,-3
operasi,-4
bengok,-4
hujung,-3
inklinasi,-3
nasihat,-3
istimewa,-3
pencar,-5
huma,-4
demen,-3
olah,-4
jalan protokol,-4
sentak,-5
sakit hati,-3
jeri,-3
gabung,-5
tawan,-3
sisih,-5
bangun,-4
depak,-3
tabrak,-4
halilintar,-3
cekung,-4
pecat,-5
pelet,-3
konkretisasi,-3
gua,-3
seram,-4
sengketa,-4
omong,-4
dalam,-3
motivasi,-3
ejawantah,-3
bondong,-3
jepit leher,-4
relasi,-4
tebar,-3
serobot,-5
hamun,-5
tidak kerja,-4
jerum,-4
skors,-3
cetera,-4
lesap,-3
tancap,-3
detektif,-3
lompong,-5
pucuk,-4
alas,-4
makan,-4
cimeng,-3
baku,-3
kabar,-3
jotos,-3
rasionalitas,-4
bangsal,-3
raban,-4
maling,-5
tular,-4
jilid,-5
bidas,-5
cerat,-3
cekit,-4
bungkus,-3
derum,-4
goblok,-5
celuk,-3
cakap,-4
iri,-4
angkat topi,-4
langgar,-5
muas,-5
pasuk,-3
catur,-3
dengkur,-3
rua,-4
tagar,-3
tumang,-4
ulur lidah,-5
wenang,-5
maula,-4
luruh,-3
ledes,-3
hambur,-5
gali,-3
sebar,-3
nikah,-3
ceku,-5
dengkul,-3
cabut,-5
murung,-5
jalan tol,-4
sementung,-5
miring,-4
tumbang,-5
bondot,-5
undi,-5
pejajaran,-4
kuat,-3
minta,-4
ruok,-5
kecai,-5
legalitas,-3
pilin,-5
rambang,-5
kaidah,-4
kata-,-4
bucu,-3
kalah,-4
popok,-4
kencan,-4
germo,-5
cerai,-4
begundal,-3
kukuh,-3
pendek,-3
ruyup,-4
kebat,-3
gelecik,-3
mendung,-3
liang sanggama,-4
sahabat,-4
gelinjang,-3
kebas,-3
kerja keras,-5
musyawarah,-3
belah ketupat,-4
sawat,-5
terminal,-3
tingkah,-5
bayan,-4
kantin,-4
bendel,-5
koplo,-3
singkir,-4
papar,-3
dalil,-3
papak,-3
nuansa,-3
enyah,-4
merosot,-5
capit,-3
rencana,-4
dewan,-3
ceracau,-3
malas,-4
repot,-5
kemik,-3
fasilitas,-4
bombastis,-3
didik,-3
bencat,-5
kikis,-3
apiun,-3
lewat,-5
khianat,-5
bedegong,-4
si fulan,-3
iba,-5
calar,-3
flu,-3
untun,-3
bawang,-5
ranap,-5
cagun,-3
biut,-5
tambun,-3
andeka,-3
banting,-4
dahsyat,-5
mungkir,-5
becus,-4
zalim,-5
lantik,-3
kisruh,-3
memedi,-4
gas,-4
wujud,-3
bapet,-4
intrakalimat,-5
berak,-4
akidah,-3
rayu,-4
imbang,-3
senging,-5
timbang,-3
irik,-3
juragan,-4
kir,-4
vital,-4
begu,-4
tika pangkai,-4
harap cemas,-3
warita,-4
bawa,-3
mudah,-3
roboh,-5
besar rabu,-3
surih,-3
apatis,-5
semprot,-5
adu,-4
agen rahasia,-3
arah,-3
tanding,-4
atas,-4
data,-3
hasan,-4
otak udang,-5
dedah,-3
asosiasi,-4
teguk,-3
natural,-3
loneng,-3
tuah,-3
tadabur,-3
jawab,-5
rebah,-3
lancang mulut,-4
rampang,-4
prinsipil,-4
karet,-3
corengmoreng,-4
kelompok,-4
gelisah,-4
waduk,-3
koyak,-5
wajar,-5
inheren,-4
hilang arwah,-4
kumandang,-4
lubang,-3
metamorfosis,-3
soe,-5
jeringing,-4
ayun,-3
lucut,-3
empal,-4
berangkat,-4
apes,-5
mansukh,-4
sulit,-5
tuli,-3
gugur,-3
kacek,-4
hulu,-3
gagar,-3
rayu,-3
gawat,-5
ada,-4
takut,-4
berangkal,-3
tenung,-3
empap,-3
prosedur,-4
bernas,-3
hop,-5
pendam,-5
syair,-3
seleweng,-4
semok,-4
tike,-3
nujum,-4
sabak,-3
pukul,-4
solot,-4
selubung,-3
bentur,-4
usaha,-3
tengkar mulut,-5
lingkar,-3
ligih,-4
ejakulasi,-3
sepak,-3
kelesah,-5
lindap,-3
signifikansi,-4
payah,-3
sinkron,-3
uci-uci,-4
serbu,-5
gerebek,-3
khisit,-5
gugat,-5
lipat,-3
tubruk,-3
sarangan,-3
kesambet,-3
sutradara,-3
lucah,-5
mengata-ngatai,-5
tetes,-3
cacing es,-4
beguk,-4
bongkak,-3
kalor,-4
batu dahak,-4
gegap,-5
lotong,-4
kacau,-4
gemaung,-3
pekak,-3
tulang,-5
adab,-3
usaha,-4
cilok,-3
serpih,-4
kutuk,-5
hajar,-5
uang sogok,-3
tanggal,-4
buntung,-5
hajat,-5
batal,-3
jorong,-3
gabung,-3
uang pecah,-4
desas-desus,-5
prahara,-3
mantap,-3
jalan raya,-4
batuk darah,-4
tempelak,-5
dursila,-5
rebet,-5
hinap,-3
tunjuk asa,-3
rebeh,-5
hirap,-3
mau,-3
daulat,-5
hempas,-5
hancur lebur,-5
rumit,-5
disimilaritas,-4
entak,-3
tradisional,-5
sengut,-5
meriang,-4
sungkan,-4
angin lalu,-5
sendi,-4
nama buruk,-5
dongkol,-4
arah,-4
onar,-4
dalal,-3
rompak,-5
laboratorium,-3
tunduk,-5
banyak omong,-4
someng,-4
cibir,-5
tongkrong,-3
kuat,-3
mutlak,-3
main,-3
dia,-3
selang,-5
eroton,-4
endemi,-5
lapuk,-5
rabak,-3
derita,-4
haram,-3
pekik,-5
unjuk,-3
bangun,-5
api,-4
hujat,-5
dengki,-5
jangkang,-5
lap,-5
sumpal,-3
lembeng,-4
salah,-5
imam,-3
sembrono,-5
jejas,-5
menghalai-balaikan,-4
cikun,-5
bundel,-5
surut,-4
urit,-3
bloon,-3
kubra,-5
hujah,-4
longgok,-3
cempek,-4
khair,-4
tonjok,-5
gering hulu,-4
anut,-3
jaran,-3
pering,-3
ejawantah,-3
silang,-4
berkasih-kasihan,-3
cecah,-3
soal,-4
renung,-3
bincang,-3
gemap,-3
sodok,-3
dinding,-5
buncit,-3
kerakal,-3
lancang,-5
enggan,-5
cengkeram,-4
tinggal,-3
laten,-5
luluh lantak,-5
todong,-5
sogo,-4
fiskal,-3
tekak,-4
perlahan-lahan,-4
onyak-anyik,-4
rembet,-4
fungsionaris,-3
kembang,-4
dugal,-5
receh,-4
dobel,-3
cemas,-4
celemotan,-4
tanur,-4
sombong,-3
faktor,-4
anu,-3
persuasi,-3
welas,-3
mangau,-4
ulung,-4
seraga,-3
bait,-3
terima,-3
aspiran,-5
dansa,-4
hunjam,-3
friksi,-5
pematang,-4
lenyap,-5
api,-4
gidik,-4
mesut,-4
sanggit,-3
seret,-3
mesum,-5
sukat,-5
golak,-5
hening,-4
tengking,-5
aspek,-3
amblas,-3
momok,-5
fundamental,-4
abuk,-3
gunduk,-3
beta,-3
kemplang,-5
abur,-5
selap,-3
tembelang,-5
rumah tangga,-4
jebeh,-5
nikmat,-3
babi buta,-4
tahun,-5
primer,-4
geligi,-4
bangkang,-4
fulanah,-3
tubuh,-3
bulat,-3
layon,-4
baginda,-3
selempang,-5
esak,-3
himpun,-4
kunjung,-4
belot,-5
kilah,-4
terang akal,-4
perih,-5
serobot,-3
es,-3
elak,-4
kerepot,-3
hadiah,-3
dedikasi,-3
sekat,-5
cek,-4
bumi,-3
moderator,-3
duli,-3
hebat,-4
berita,-4
layang,-3
layan,-5
selak,-5
buta,-3
fitnah,-4
nala,-3
sekop,-3
incit,-4
batung,-4
gesek,-3
rongkol,-5
tinju,-4
sengketa,-4
cilok,-3
asing,-4
kurang,-3
daftar,-3
tahan,-4
perahu,-4
lekat,-4
khawatir,-5
ruang,-3
kisi,-3
hadiah,-3
ajang,-3
pegang,-4
kafetaria,-4
masai,-4
renyam,-3
patgulipat,-5
terali,-4
rad,-3
ijab,-4
meluluhlantakkan,-4
saja,-3
pemberon-takan,-4
enjak,-3
beranda,-3
perus,-5
ahmak,-3
pepak,-3
ceroboh,-5
cacing pipih,-4
cuak,-4
bison,-3
pepat,-3
kotak,-3
anjak,-3
anak bedil,-3
tebal hati,-5
tenggak,-3
lampau,-4
cedera,-4
oven,-4
kumpul,-3
tumbu,-4
conteng,-3
satron,-5
rasialisme,-5
kilir,-3
gagu,-3
langking,-4
bicu,-3
dogol,-5
camping,-3
rugi,-5
kenang,-3
terban,-4
cutel,-4
amal,-4
mencaci-maki,-5
analitis,-4
hipotesis,-3
sejuk,-3
pelik,-4
bubuk,-5
inhibisi,-4
hawar,-5
himpun,-3
tepi,-4
libat,-4
gamak,-4
tua,-4
kubra,-3
susuh,-4
ingsut,-3
cacau,-4
belis,-4
tinju,-3
oyak,-4
embarau,-3
urut,-4
santak,-3
alobar,-4
musnah,-5
santap,-4
kembang biak,-3
resek,-4
kelas,-3
jalan bentar,-4
colak-caling,-5
tun,-4
gelut,-4
cacat,-5
buntang,-4
rugi,-5
uring,-5
colok,-3
gedembai,-4
dupleks,-3
antusias,-3
rompeng,-4
sagang,-3
benderang,-3
tenggan,-3
cabar,-4
cabar,-4
celopar,-4
sungkit,-3
pongah,-5
tarung,-3
mara,-4
cabuh,-3
cupet,-5
ganjal,-4
rompak,-5
konotasi,-3
ajaib,-4
busut,-4
mangkel,-4
pacak,-4
ringan mulut,-4
main muda,-3
acau,-4
telan,-5
nyelekit,-4
balung,-4
selir,-5
pilon,-3
gingsir,-3
lalim,-5
suntik,-3
takul,-3
tebal,-3
merana,-4
tak,-3
bengkak,-4
balut,-3
duduk perut,-3
sahih,-3
hantam,-3
kaos,-4
kirai,-3
lembap,-4
orbit,-4
wimana,-4
peres,-3
gontok,-4
transformasi,-3
kolot,-5
rajin,-3
suap,-3
damai,-3
rincu,-4
balur,-4
mamang,-4
semangat,-3
tunjuk asa,-3
pengaruh,-4
jarak,-4
patos,-5
perkakas,-3
alih bentuk,-3
asfal,-5
tunu,-4
tambak,-3
lain,-4
oyak,-4
siar,-4
injak,-3
hirup,-3
memble,-3
siat,-4
bonceng,-3
rucah,-5
penghisapan,-4
kasur,-4
susu,-4
rombong,-4
cukur,-4
selusuh,-3
gambar,-3
kacau,-4
timpuk,-5
main mata,-5
dongok,-5
jorok,-5
lebu,-3
lamban,-4
bijak,-4
sekongkol,-4
antagonisme,-4
hindar,-4
benta,-5
bagi,-4
becak,-5
mengkal,-4
beban,-5
sekedup,-3
lihat,-3
serikat,-3
tangkap,-3
ceronggah,-4
kait,-3
cerabih,-4
anak pinak,-3
tenggang,-3
perak,-4
coblos,-3
jompo,-3
dekat,-4
dendeng,-4
sedia,-3
ira,-3
gorek api,-4
safa,-4
riuh,-3
sembam,-4
gayung,-4
isotop,-3
selak,-3
kait,-3
bawa berat,-3
proses,-3
pandai,-4
imbal,-3
cicik,-4
kesah,-3
henyak,-4
insaf,-4
tunjuk,-3
latis,-4
tagut,-4
iring,-3
bebas,-4
pemberitahuan,-3
mungkar,-4
jejak,-4
serawak,-3
gurau,-4
cuka jawa,-5
marah,-4
pegari,-3
bulevar,-4
sendiri,-4
indusemen,-3
kacuk,-4
cicik,-5
kawan,-4
jurik,-4
leta,-5
berangai,-5
obrol,-4
cacing tanah,-4
tubuh,-3
asor,-5
dengung,-4
aduk,-3
sebit,-4
basmi,-5
parau,-4
tumpang,-3
tulah,-4
aswad,-4
jelma,-3
lampau,-5
tata,-4
bukti,-4
putar,-4
tipeks,-3
singkat,-3
apkir,-4
gonjak,-5
berat kepala,-5
dari,-3
debat,-5
gontok,-4
belai,-4
mikro,-3
gemas,-5
sembul,-3
tobak,-3
ampela,-5
luar biasa,-4
hidup,-4
terang,-3
sembam,-4
gentar,-4
gombong,-3
pol,-3
pancur,-3
kopyor,-4
sementara,-4
sipongang,-3
cabau,-4
tolol,-5
taji,-4
musibah,-5
gembung,-3
ibunda,-5
gemuk,-3
lombong,-3
gundu,-4
sulut,-4
cetek,-3
ganduh,-3
kabul,-3
naas,-5
cengkau,-4
anak cucu,-3
acak,-4
sembunyi,-4
sepai,-5
manipulator,-4
iktikad,-4
antara,-3
cekok,-3
caran,-4
lebur,-3
kembar,-3
cabau,-3
divergensi,-4
rombeng,-3
redik,-5
bongok,-3
berus,-4
sentuk,-4
injak,-3
silih,-3
resah,-4
gelatak,-4
instansi,-3
kerik,-3
sempit,-4
jolak,-3
bersikukuh,-4
sokom,-4
hinggap,-3
ogah,-4
drama,-4
kenes,-3
tepu,-3
usang,-5
terpa,-3
tarak,-3
opium,-3
kolam,-3
gigis,-4
selerang,-5
berat tulang,-4
tumor,-4
murka,-5
acu,-4
seberang,-3
tepi,-4
musuh,-5
jilat,-3
sangkal,-5
ikut,-3
penjuru,-3
gedor,-4
waham,-3
telinga lembut,-3
rayah,-5
denai,-4
farak,-3
salah tingkah,-4
garu,-4
langsai,-3
ganas,-4
tanggang,-5
kurang adat,-5
bruto,-3
celuk,-3
baskom,-4
surih cakap,-5
rincis,-4
apit,-4
tatak,-4
telaah,-5
liang,-3
biarawati,-3
condong,-5
kotor,-5
luang,-3
mairat,-5
apit,-3
timbang,-3
sarit,-4
tak nyawa,-5
kotor,-5
geret,-3
senggau,-4
senggak,-5
kacip,-3
seksualitas,-5
juz,-4
dapat,-3
sarik,-3
bayar,-3
sia,-3
obar,-4
cena,-3
dusta,-4
berak,-5
tahu,-5
cuca,-5
antap,-5
tikam,-4
embek,-3
amin,-3
rongga,-3
landas pesawat udara,-4
tutur,-4
larat,-4
tekad,-3
empuk,-4
tidur,-4
bidai,-4
konkurensi,-4
sanding,-5
kerja,-4
delegasi,-4
pantas,-5
isbat,-3
tinja,-5
lawan,-4
pengar,-4
ikan kena tuba,-4
ceriwis,-4
kutut,-3
genjang,-4
asal usul,-4
filo,-3
gesek,-4
babil,-4
hapus,-4
mupus,-3
jajal,-4
abolisi,-3
doa,-4
kawula,-3
compes,-4
atur,-4
kelipar,-4
jerepet,-3
hunjam,-4
pelet,-3
aparatus,-3
gembel,-5
sungguh,-3
tagih,-3
kacang,-4
lengah,-4
jauh hati,-3
conteng,-3
tumbuk akal,-5
lengas,-4
lepas,-5
gurau,-4
kharab,-5
keputusasaan,-5
palat,-5
validitas,-3
sinar,-3
sabak,-5
feses,-5
gebok,-3
teles,-4
palolo,-4
liang jimak,-4
tutup,-5
setor,-3
bunduk,-3
bodoh,-3
potel,-5
bendu,-4
mukim,-4
banat,-4
usrek,-5
keji,-3
serindai,-5
fatwa,-3
bahan,-4
lafal,-4
langkau,-5
gembrot,-3
tanda,-3
sistematik,-3
cekluk,-4
tensi,-4
suni,-4
modal,-3
sama sekali,-3
sistematis,-3
larut,-5
lepas,-3
takar,-5
informasi,-3
osteoporosis,-5
ajang,-3
geret,-3
hakam,-3
jengkang,-5
kerising,-4
turun,-5
kalang-kabut,-4
urita,-3
kawin,-3
lerai,-3
geletik,-3
congek,-3
gosok,-5
angkut,-5
labuh,-4
ketus,-4
solek,-4
senyur,-4
dakwa,-4
sirep,-3
bunga hati,-3
tusuk,-4
pekik,-3
tumpas,-5
susur tangan,-3
safinah,-3
robek,-3
mustaka,-3
tunggu,-3
cekat,-3
ketul,-3
cantol,-3
insinuasi,-4
terima nyata,-4
tempat,-3
korupsi,-4
tongkrong,-4
olet,-3
turut,-3
jengkel,-4
teman,-3
gelup,-4
resah,-5
lalah,-5
belati,-4
lahang,-3
laur,-4
caplak,-4
anak,-3
gang,-4
telanjang,-3
oceh,-4
anggur,-4
puput,-3
buka mata,-3
kiamat,-3
sanggah,-4
tendang,-5
interupsi,-5
runjang,-3
sera,-5
rata,-4
jerat semata,-3
eklektis,-3
antara,-3
terpa,-3
cura,-5
sila,-4
serah jiwa raga,-4
aneksasi,-5
waras,-3
sun,-3
timbang,-3
naik darah,-4
sember,-4
cabang,-4
tambak,-5
cemar,-4
jeput,-3
drop,-4
mangut,-4
sorang,-3
dangkal,-4
spion,-3
luk,-3
kesomplok,-4
cengkelong,-5
pengang,-3
formal,-3
prosais,-3
seni,-4
gebung,-5
cemas,-3
gabal,-5
sayat hati,-4
sela,-5
belu-belai,-4
bohong,-3
kembung,-3
kehuru-haraan,-4
keliru,-5
serabutan,-5
batuk kecil,-4
rawat,-3
gerepes,-4
sayat,-5
balairung,-3
seru,-5
samar,-5
ingsut,-3
siklon,-4
tentang,-5
bunga,-3
rancap,-4
diskrepansi,-3
rancau,-3
pusu,-3
gencat,-5
tonggak,-4
puyan,-4
kerumun,-4
lalai,-3
enas,-5
muak,-5
lincah,-3
rancak,-4
telantar,-4
mati pucuk,-5
congkak,-3
apkir,-4
rapat,-3
cakus,-4
gasak,-5
wujud,-3
morfin,-3
bongkong,-3
sabung nyawa,-3
gaul,-3
aco,-5
colek api,-4
sikat,-5
timbang,-5
ami,-3
bergajul,-5
erang,-3
datang,-4
slebor,-5
tebar,-5
birah,-3
aja,-3
caci,-5
keluh,-3
mulus,-5
tuah,-3
demek,-4
lanjut,-5
cekik,-4
lihai,-4
sempena,-3
taun,-5
gunung,-3
akar,-3
taut,-4
raguk,-3
tuas,-3
merdesa,-5
mala,-5
keder,-4
tugas,-3
camuk,-4
pusung,-3
kincit,-5
cemeh,-4
kafilah,-4
lolos,-4
hati walang,-3
pisah,-5
menceret,-5
inaugurasi,-3
jebur,-5
rompong,-3
tingau,-4
hapus,-3
tahi,-5
hina kan lanyak,-5
tapa,-3
sadau,-3
semangat,-4
permai,-4
cerita burung,-5
kelusuh-kelasah,-5
tuba,-5
serta,-3
tunda,-3
sandar,-4
narasi,-4
ons,-5
bengkok,-4
besar perut,-3
ketes,-3
timbang,-3
marah,-5
buang air kecil,-3
sumbing,-4
seranah,-3
seman,-5
sigap,-3
wangsit,-3
cungkil,-4
uar,-3
bentak,-5
jodoh,-3
asumsi,-3
cupul,-5
lompat,-5
tulang,-4
arbitrer,-5
kurang pikir,-3
kerosek,-3
jobak,-3
serenging,-5
tumbuk,-4
jongkok,-5
teks,-3
ranai,-4
hakiki,-4
geladir,-5
anak air,-4
sangsi,-5
embat,-4
susah,-5
garang,-5
bangkang,-4
lintar,-3
dangkap,-3
kejar,-3
sedia,-3
el,-3
erot,-4
temu roma,-4
mam,-5
serampang,-5
anjur,-3
bekicot,-4
bangle,-4
usik,-5
teladan,-3
patuk,-5
daya upaya,-4
patut,-5
taut,-4
sungkit,-4
lata,-5
bengkerap,-4
senat,-3
corak,-3
kerabat,-4
luntur,-3
baran,-5
deklarasi,-3
relevansi,-4
kedut,-4
idola,-3
toboh,-4
cerai,-3
senteng,-5
refleksi,-3
jihad,-3
simpatik,-4
timbul,-3
timbun,-3
cekluk,-3
kunarpa,-4
pialang,-3
tubuh,-3
udak,-3
berat ekor,-4
kasep,-4
keremus,-4
gagap,-5
patut,-3
cakap angin,-4
cercah,-5
kubur,-3
gembil,-4
hilang semangat,-4
reken,-3
bakar,-4
tengah,-5
sambit,-5
belingsat,-4
lembaga,-3
seluk-beluk,-4
sita,-5
oyong,-4
buku,-5
belah,-3
tancap,-4
bebat,-3
susup,-3
pendek akal,-3
beli,-3
lengang,-4
sembilu,-4
mumi,-4
cempala mulut,-5
putih,-4
alas,-4
tetes darah,-3
bulsak,-4
gapura,-4
untung,-3
babil,-4
kurang ajar,-5
angkup,-3
gereget,-4
tinju,-5
kisruh,-4
inferior,-4
kunyah,-4
titik berat,-3
ahli bahasa,-3
tengkar,-5
dampar,-5
cempelung,-5
tata,-3
pun,-3
gempur,-3
jemari,-4
resesi,-5
bongkar-bangkir,-5
reca,-3
roh jahat,-4
pub,-4
berat otak,-4
tarak,-3
kias,-4
muram,-5
tutur bahasa,-3
basi,-5
singsing,-3
tindas,-4
sayu rayu,-3
tangis,-5
ampel,-3
haru,-4
lotre,-5
tahu,-4
amtenar,-3
ketuat,-4
arik,-3
dongkel,-3
riuk,-3
wejang,-3
rompyok,-5
banyak cincong,-4
bangai,-3
kuno,-5
ketumbu,-4
ke belakang,-5
sengsara,-5
sampai,-4
dina,-5
tekek,-3
keremus,-4
sapi jantan,-3
warta,-3
pumpun,-3
lawan,-4
sivilisasi,-3
batuk lelah,-4
lalu,-4
beda,-3
kapal,-3
laksana,-3
emper,-3
desak,-4
cetak,-5
tumpul otak,-3
tegak,-4
bentok,-4
suruk,-5
talun,-3
stori,-5
bongak,-5
tokok,-3
renyem,-3
ruyup,-5
embus,-3
hitung,-3
jamin,-5
kering,-3
cumbu,-3
gempita,-5
tarah,-3
kardinal,-4
edar,-3
pada,-3
lebar,-3
tuju,-3
tumpas,-5
akar,-3
kilah,-4
gebang,-4
tonjol,-3
hanya,-3
goyah gerak,-4
gema,-4
metode,-5
berkeras-kerasan,-4
pantai,-4
karat,-4
pantak,-4
gara-gara,-5
bara,-4
legalisasi,-3
gurau,-4
ginding,-4
pukul,-4
tunggul,-3
tunjuk,-3
karu,-5
kilang,-3
tosan aji,-4
mulut gapil,-4
agen,-3
tekan,-3
balik adab,-5
selinap,-5
doa,-3
timpang,-4
parlente,-4
sontak,-4
gendut,-3
gel,-3
sisalak,-4
zero,-3
lantak,-4
tian,-3
pasal,-4
simak,-5
main kayu,-3
azimat,-4
jalar,-3
kompleksitas,-4
kerkau,-4
garit,-3
selubung,-5
jembalang,-4
sirah,-5
agam,-3
silang selisih,-4
bangkit,-5
amah,-5
ceracau,-4
cegak,-4
ceracam,-4
korek,-4
watu,-3
dua,-3
indolen,-4
sapi,-3
goyah,-4
muflis,-4
kerabat,-3
kedai minum,-4
kabin,-3
pekir,-4
zikir,-3
lidi,-5
satu,-3
semaput,-4
kempa,-3
rangkul,-3
landas,-4
serang,-3
pukul,-3
ukir,-5
hamil,-5
bobol,-5
tumpang,-3
gaduh,-3
cengung,-3
hamik,-3
kambuh,-4
tukar,-3
tukas,-5
bahlul,-5
runyam,-3
makan bawang,-5
sodor,-3
ingsut,-3
sangit,-5
belendung,-3
malu mata,-4
bersiteguh,-4
aga,-3
temperas,-3
ranggah,-3
reput,-3
birah,-3
ayun,-3
berantas,-5
tudung lingkup,-5
nyenyak,-4
sumpek,-4
guam,-4
periksa,-5
kada,-3
langkap,-3
nyala,-4
inai,-4
garang,-4
giang,-3
rayah,-5
habis,-4
sangkut,-4
langkan,-3
ambil,-5
urun,-4
cemat,-5
nyenyat,-4
golak,-5
zina,-4
pikir,-3
cahaya,-3
noda,-5
talun,-3
bedel,-4
kasip,-5
sila,-4
sapit,-3
terpa,-4
keran,-4
selisih,-5
kerai,-4
oposisi,-3
hardik,-5
sifer,-3
sakat,-4
ranyah,-5
hambat,-5
gerombong,-4
rambak,-3
cadang,-5
gela,-3
daging tumbuh,-4
tongkat senduk,-3
serah,-4
lelembut,-4
tembis,-5
murus,-5
tukar akal,-4
mundur,-5
rengeh,-3
angit,-5
tajak,-3
porak-poranda,-5
jungkal,-5
reba,-5
laden,-5
retak,-4
karena,-3
belulang,-3
jembel,-5
bersih,-4
biksah,-5
mayit,-4
sampuk,-4
inga,-4
afiliasi,-4
kaki ayam,-3
sesuai bunyi,-3
kendur,-3
gelogok,-3
hancur,-4
cengung,-3
lambang,-3
pangku tangan,-4
redik,-5
bangkai,-4
defisit,-3
getar,-3
kelangkan,-3
tapa,-3
semenggah,-5
kejar,-5
baktau,-5
cacing,-4
gabung,-3
uyuh,-3
pilu,-5
baik,-3
regu,-3
cendala,-5
kempis,-3
awal,-3
panggang,-4
rukun,-3
bambung,-3
perlus,-4
bandit,-5
omong,-4
geleng,-3
cela,-5
seberang,-3
palit,-4
sembahyang,-3
gaung,-3
sembur,-4
sabung,-3
lecap,-4
dapra,-3
bocor,-4
himpun,-4
sara bara,-5
banteng,-3
gamit,-3
sempuras,-3
onyok,-3
kabinet,-3
sera,-3
maherat,-4
onak,-4
cabuh,-3
kuliah,-4
rapun,-4
gosok,-3
dum,-3
rasio,-4
satire,-3
getap,-4
jerumus,-4
jeraus,-3
pa,-5
melulu,-3
khabis,-3
muka,-3
sadur,-3
pangkal kerongkongan,-5
iman,-3
masak,-3
cium,-3
awut,-4
kronis,-5
parokial,-3
cotok,-3
antun,-3
kuyu,-5
pasang hidup,-3
udara,-4
biji buah,-3
mitra,-4
tabung,-3
suka,-3
perli,-5
abon,-4
dinasti,-3
cegah,-5
beranang,-3
nanar,-4
nakal,-5
dungas,-3
senyap,-4
muat,-5
tindas,-5
grip,-4
buruk,-4
huda,-3
kayangan,-5
alai-belai,-3
domba,-3
siksa,-5
sumpah serapah,-5
kotor,-5
rim,-3
cerup,-3
jotos,-5
ragam,-4
goyang,-4
geladah,-3
lingsir,-5
open,-3
obsolet,-5
bengis,-5
ongkang,-4
anggai,-3
gemeletek,-4
maki,-5
otak telur,-5
gering,-5
paku,-3
padu,-3
telanjang,-4
rute,-4
konsistensi,-3
akhlak,-4
pusing keling,-5
nyanyang,-5
dekil,-5
tapak kaki,-3
bonus,-3
cahari,-3
partai,-3
seluk beluk,-4
gemblung,-3
kenyih,-4
tambus,-4
gaduh,-5
bentrok,-5
paganisme,-5
cinta,-3
seko,-3
gabuk,-4
tiup,-3
seloroh,-4
keletah,-3
sampur,-3
pamer,-3
laksana,-4
rencah,-4
dongkol,-5
sampul,-3
sampuk,-3
langis,-5
cempera,-5
malapetaka,-5
ampu,-5
peluru,-3
tim,-4
sorong,-3
lacur,-5
diskredit,-4
kendati,-3
pasak,-4
kolusi,-5
buka,-3
izin,-4
garib,-4
hirup,-3
debar,-4
panji,-3
rengsa,-4
saksama,-5
guyon,-4
butek,-3
sama,-3
remang,-3
tapak,-4
kolaps,-5
bengap,-3
sabot,-3
tekan,-3
kecipir,-3
tentang,-4
dwiganda,-3
gaung,-3
aib,-5
ruak,-4
teknik,-4
khalwat,-3
wasit,-3
tampik,-4
ke-tidakjelasan,-5
empang,-3
ganggang,-3
kukuh,-3
gunting,-3
jelu,-3
pretel,-4
intimidasi,-5
hadang,-5
sepit,-3
cerup,-3
jariji,-4
hukum arestasi,-3
didis,-4
didih,-3
babat,-4
sendi,-4
bukat,-4
sunam,-3
kotor,-4
garis,-3
kejut,-3
tanggulang,-5
tubruk,-4
kukul,-3
jembatan,-4
sambar,-3
tumandang,-3
begana-begini,-4
alamiah,-3
hantam kromo,-4
anda,-4
babil,-4
puaka,-3
azab,-3
pikat,-4
laknat,-5
pura,-4
lungkang,-4
cura,-4
kasim,-4
loya,-4
bembam,-4
kedut,-5
telimpuh,-3
coba,-5
hengkang,-4
akreditasi,-3
darat,-4
leler,-4
senior,-3
tindas,-5
dompleng,-3
dahiat,-5
semak,-5
geligis,-4
minimal,-3
garit,-3
haru biru,-5
cempung,-4
madat,-3
parlemen,-3
tanggung,-3
ceruk,-3
talenan,-5
odoh,-5
budek,-3
jarum,-5
barbar,-5
tampuk,-3
sobek,-3
perang hati,-4
tidak,-5
bingung,-3
peniti,-4
munding,-3
letup,-3
letus,-4
modar,-5
duyun,-3
tengking,-5
ayun,-3
tempel,-3
singkat akal,-3
salak,-3
kebun,-4
hasad,-5
sanggah,-4
ziarah,-4
gilas,-4
selektif,-3
anak cucu,-3
gelegak,-3
muntup,-3
badan dua,-3
udak,-4
alahan,-3
keras,-4
kelamin,-3
oyok,-4
kunjung,-3
gelung,-3
rongga,-3
kelengar,-4
lopak-lapik,-4
timpal,-5
mariyuana,-3
mahkamah,-3
tabur,-5
jerohok,-4
ringkik,-3
caba,-4
anekdot,-4
tenggarang,-4
embus,-4
kobar,-3
gelingsir,-3
leduk,-4
serengit,-4
sentil,-5
menggelinyau,-3
gondol,-5
kelimut,-3
gorong-gorong,-4
aksa,-4
dengus,-3
mikat,-4
serik,-3
otak ayam,-5
kenyam,-3
begal,-5
ingkar,-3
grup,-4
runtun,-5
ua,-4
semua,-3
uber,-3
hina caci,-5
benah hati,-3
luncas,-3
kecoh,-4
darat,-3
syak,-3
lakon,-4
gumam,-3
bimbang,-5
tengkoh,-3
korup,-5
cura,-3
pranatal,-3
kerubung,-4
sepit,-3
uras,-3
adu mulut,-4
boleh juga,-3
kulak,-3
cantrik,-3
titi,-3
gerombol,-4
invalid,-5
betul,-4
yang,-5
besi tua,-4
brokat,-4
cempera,-5
gagal,-3
nilai,-4
khatimah,-3
argumen,-4
keropok,-3
draw,-3
kuak,-5
amuk,-4
beslah,-4
cacing pita,-4
lelung,-3
tubuh,-4
batang,-4
beol,-5
caruk,-4
cengkam,-4
kenan,-3
bagus,-4
banding,-3
carut,-5
sipongang,-3
bajak,-5
info,-3
ladang,-4
awur,-4
aiku,-5
khianat,-5
pasok,-3
goyah,-4
tuntut,-3
cengger,-3
timpuk,-5
centang,-5
cacing palolo,-4
balik gagang,-5
cacing hitadid,-4
reaksi,-5
lipat ganda,-3
landai,-3
keping,-5
agak,-3
jalan layang,-4
gamat,-5
kocok,-3
bentak,-5
rum,-3
bentan,-4
ngeang,-4
mati,-5
miskin,-5
suram,-5
pekuk,-3
asmara,-4
praduga,-3
rejeng,-3
biak,-3
trayek,-4
arik,-3
wakil,-3
implikasi,-3
pulang,-3
posisi,-5
demonstrasi,-3
ambang,-5
penat,-4
kecewa,-3
caci maki,-5
tangkal,-4
banding,-3
travesti,-5
memang,-3
fatal,-5
celih,-4
manasuka,-4
perang mulut,-5
adam,-5
tasyakur,-4
goyang,-4
sayung,-4
embah,-3
sabil,-4
puruk,-4
manifestasi,-3
barut,-3
pantang,-4
sabit,-3
bahaya,-5
bohong,-4
takluk,-4
oleng,-3
beloon,-3
terkam,-4
horor,-5
lutu,-4
suka hati,-3
bantar,-4
akut,-5
ikhtisar,-3
guncang,-3
tanggul,-3
usak,-3
serampang,-5
presentasi,-3
kikis,-5
comblang,-5
jalang,-4
hasut,-4
polusi,-4
sumarah,-4
seleder,-5
firasat,-4
buncah,-5
yunior,-4
korup,-5
kabil,-4
kapuk,-3
fosil,-4
puaka,-4
ogel,-4
kecam,-5
biji mata,-3
bisa,-5
purbasangka,-3
soal jawab,-3
kafe,-4
tampak diri,-3
kecap,-4
jarum,-4
awut,-5
jepit,-4
tugal,-4
kicik,-3
mesra,-3
gelopak,-4
senang,-3
rekam,-3
dapat,-4
khawatir,-4
peretel,-4
ngotot,-4
kontak,-4
panjat doa,-3
tutur kata,-4
tunang,-4
karang,-4
bilik,-3
tentang,-5
tumbang vertikal,-3
serasi,-4
susul,-3
ikat rambut,-4
berperai-perai,-5
upah,-3
leja,-5
cebur,-5
tenang,-4
manggak,-5
tengkar,-5
getun,-4
si polan,-3
burai,-5
tengku,-4
kecantol,-3
bala bencana,-5
menceng,-4
celoteh,-4
sesat pusat,-4
bendoro,-4
tipu,-3
aksioma,-3
ekor,-3
broker,-3
hadiah,-3
warna,-3
cerkau,-4
empas,-5
ganda,-3
belas,-3
kejar,-4
tua bangka,-3
walau,-3
jelas,-3
gali,-4
daki,-4
budaya,-5
bulan,-4
sesal,-5
menghancurluluhkan,-4
bahtera,-3
jiplak,-3
dedemit,-4
belit,-3
janggal,-4
tingkuh,-4
taruh syak,-3
pincang,-4
sudi,-3
raut,-3
desa,-3
halang,-5
penis,-5
urgen,-4
pidana,-3
badai,-4
seringing,-4
jajah,-5
anak bukit,-4
risak,-4
redang,-4
salak,-3
ancai,-5
sawar,-5
ambau,-5
rida,-3
hujah,-4
wejang,-3
sosi,-5
gembol,-4
sirkuler,-3
timah panas,-3
aru,-4
amat sangat,-3
tukik,-4
lorong,-4
taruh,-3
roda,-5
daras,-5
gadai,-3
sudu,-3
jeran,-3
megat,-3
tegang,-4
slip,-5
hangat,-3
jerit,-3
hisap,-3
pojok,-4
silu,-5
pentung,-4
dera,-5
talas,-3
gebos,-5
dusta,-4
cuai,-4
caran,-3
resap,-3
jelek,-4
usul,-3
sepenuh,-3
tedak,-4
pales,-4
desak,-4
gempur,-4
rintik,-3
solokan,-4
brengsek,-5
gaduh,-4
hawa,-4
sulalah,-3
batas,-3
ranyah,-5
junam,-4
terjang,-3
alkisah,-4
randu,-4
gulana,-4
kromatis,-3
belai,-3
gigih,-4
obral,-3
gurau senda,-4
batal,-5
batas,-3
gelagat,-4
gegetun,-4
gali,-4
awan,-3
cecap,-5
lepek,-4
pegal hati,-4
wedus,-3
sangga,-3
sertifikat,-4
banyak,-3
butut,-5
rendah,-5
rusa,-4
cium,-3
plongah-plongoh,-3
sobat,-4
tanggal,-4
wawa,-3
adu lidah,-3
memorakporandakan,-3
lengkap,-3
butuh,-5
murka,-4
kandung,-3
ikat janji,-4
dungu,-5
lulur,-3
kelati,-3
raba,-3
tuju,-4
jamin,-5
engkau,-4
cempung,-4
antara,-4
buhuk,-4
semprot,-5
gosok,-3
lindap,-3
sungguhpun,-3
auta,-4
harap,-5
geret,-4
ingar,-5
labuda,-3
nihil,-4
selokan,-4
juru damai,-3
hantar,-5
lesu,-5
suram,-5
titi,-4
surah,-4
hukum,-3
amburadul,-5
cecer,-3
coret,-3
buang air,-5
peras,-4
cekuh,-3
langka,-5
riang gembira,-3
ambal,-4
bentang,-3
entak,-3
ribut,-5
hambat,-4
tentu,-3
noda,-5
guyub,-3
globe,-3
cerai-berai,-5
randek,-3
segera,-3
lerak,-4
banal,-3
bogem,-5
kritik,-5
sekutu allah,-5
menir,-4
terjun,-5
hampa,-3
sangkak,-5
gelisah,-4
ladah,-5
calit,-5
langgar,-4
tumbang,-3
keruh,-3
injeksi,-3
bangang,-3
tunjang,-3
residivis,-5
deras,-3
kritis,-5
sekutu,-5
bobot,-5
peruk,-4
lajat,-5
benar,-4
linang,-3
celonok,-3
tamu,-4
kaus,-4
buncah,-4
kewalahan,-3
kernyih,-4
mudik,-3
melankoli,-5
hardik,-5
kanak-kanak anyir,-3
timbang,-3
satu,-4
ragu,-4
dasar,-4
cirit,-5
lungse,-4
cerabah,-5
orang halus,-4
bufer,-3
abar,-5
sempurna,-3
raja,-3
bimbing,-3
buas,-5
kuat,-4
belit,-3
tanam,-5
sajen,-4
anak penak,-3
liplap,-3
kocok,-3
caci,-5
zat mabuk,-3
gamak,-4
retas,-3
pariwara,-3
gamam,-4
aru,-5
lewat,-3
tenggang,-4
sedot,-3
adegan,-4
capak,-4
kufur,-5
capai,-5
kerbau,-3
bercak,-5
lumer,-3
layak,-5
sirap,-4
selak,-4
kumbang,-4
vagina,-4
ulas pers,-3
gulung tikar,-5
absorpsi,-3
cabik,-3
latah,-5
puak,-4
henti,-5
kekol,-3
seladang,-3
ihwal,-4
cendekia,-4
gohong,-3
kubur,-3
amandel,-5
kepetang,-3
pasang,-3
kelompang,-3
selesai,-4
ras,-4
udi,-5
tilas,-3
sakit,-4
asal,-5
hampa,-5
bendung,-3
lenyap,-5
timburu,-5
tampel,-3
tepi mata,-3
tangap,-5
sedia,-3
paralelogram,-4
labrak,-4
cerita,-4
belanja,-3
unam,-3
cema,-5
idap,-5
perban,-3
lipat dua,-3
boksen,-5
pijat,-5
sabung nyawa,-3
pampat,-5
minhaj,-4
defekasi,-5
abdi negara,-3
lalat hijau,-5
bawat,-5
kirap,-3
mengirat,-5
asah,-3
tolok,-3
anak cucu,-3
perlina,-3
mil,-3
terban,-4
bunda,-5
kesah,-3
anglo,-4
bongkar,-4
krista,-4
hitam,-4
blobor,-3
rampus,-5
jari,-4
hembalang,-3
destar,-4
cekak,-4
cemburu,-5
resonansi,-3
gurun,-3
tumpul,-3
guruh,-3
induk semang,-4
gerombol kawan,-4
kepala udang,-3
pancar,-3
sendal,-3
bosun,-4
gurub,-5
batuk,-4
ovipositor,-3
intrinsik,-4
dadah,-4
awi,-3
tumpur,-5
putau,-3
ampai,-4
ifrit,-4
lengkur,-3
selentik,-4
embal,-4
lahap,-5
jangkit,-5
mencampurbaurkan,-4
bencana,-5
parak,-4
tunasusila,-5
ampas,-3
minta kpd tuhan,-3
ralip,-5
kepal,-5
harap,-3
mulut gatal,-4
cucuk,-3
galak,-4
tangkap,-3
usap,-4
anak-anakan,-3
hardik,-5
jernih,-3
alih,-3
dongkrak,-3
tunduk,-4
cukup,-3
timpang,-4
nis-,-3
liwa,-3
peng-antara,-3
ceker,-3
vonis,-3
belinjo,-3
racik,-4
dasar,-4
rompoh,-4
sulfur,-3
pancang,-3
kencar,-4
hantu,-4
bangkit,-4
lela,-4
silap,-4
gemal,-5
habis akal,-5
kidib,-3
selidik,-5
kabar burung,-5
gemas,-5
debat,-3
silam,-4
beri,-3
angkat,-3
histeris,-4
tegur ajar,-5
korban,-3
merinding,-4
lali,-4
kemamang,-4
cepat,-3
garis bawah,-3
incang-incut,-4
pikul,-5
tarik,-4
ning,-5
ganar,-4
ganas,-5
kesup,-3
bir,-5
influensa,-3
hindar,-4
durjana,-5
tabrak,-3
biarpun,-3
setek,-4
kantong perut,-5
conteng,-3
pelesit,-4
lumut,-3
simpang,-4
kawan,-3
dialog,-3
ujung,-3
ikat,-5
teguh,-3
kirim,-5
lepas,-3
khasi,-4
jenaka,-3
calit,-3
goncang,-3
gumul,-4
bencana,-4
gelisah,-5
redam,-5
nestapa,-3
sidik midik,-3
stagnasi,-5
lingkup,-5
blaster,-3
rentak,-3
tubruk,-4
penuh sesak,-3
kakas,-3
celomok,-4
paut,-4
cacing rambut kuda,-4
moncong,-3
senta,-5
gesel,-3
rempak,-4
bangsawan,-3
gesek,-3
kukur,-3
diskredit,-4
kelam,-4
bujuk,-3
amput,-3
jahit,-5
adil,-3
salut,-3
pukul,-4
alienasi,-3
kukuh,-4
geser,-4
biasa,-4
tali jantung,-3
titi,-3
lengkesa,-3
durkarsa,-5
sesat,-4
puncak,-3
puatang,-5
tangkas,-4
komunikasi,-4
pusang,-5
sempelah,-4
turun,-5
bakti,-3
untung,-4
romong,-4
morat-marit,-3
pacak,-3
jalur,-4
gebu,-3
tekak,-5
murca,-4
lisut,-4
cemplung,-5
distingsi,-4
gerobak,-4
buletin,-3
lalu,-5
kecoh,-5
teologis,-4
jeramah,-4
jiplak,-3
garwa ampil,-5
mungil,-4
sumpit,-3
sara,-3
anggur,-4
menggerenyam,-3
epigon,-3
rayau,-4
rentang,-5
rayap,-3
pipih,-3
ban,-5
aparat,-3
kucar-kacir,-5
daulat,-3
nyaman,-4
krisis,-4
pengap,-4
adon,-4
spektakel,-3
keras kepala,-4
seruput,-3
lawas,-4
cagar,-3
padang pasir,-3
minim,-3
singkap,-4
serak,-3
selebaran,-3
buka,-3
leting,-3
garong,-5
beda,-4
cembung,-3
kuwur,-4
cerita reka,-4
cengang,-3
agar,-3
bosman,-4
sama,-4
bisu,-4
domot,-5
libat,-3
sirna,-5
aba,-3
karavan,-4
suka ganggu,-4
luang,-3
penggal lidah,-5
ekofraksia,-5
baterai,-3
pertiwi,-3
telik,-3
lebih,-3
geramus,-4
sayu rawan,-3
sepuk,-5
sajak,-3
prosa,-4
kupak,-3
cerna,-5
cemooh,-4
gila,-4
beleter,-4
jahat,-4
anom,-4
begal,-5
tarekat,-4
rawak,-5
tupai,-5
kasemat,-3
rawan,-5
abnormalitas,-4
cukup,-3
jalan,-4
cemuas,-4
dam,-3
ekspirasi,-3
singgang,-4
imbang,-5
tarung,-4
rasi,-3
cacing gelang,-4
ludes,-5
pedas,-4
pedar,-4
waswas,-3
tonjok,-3
aju,-3
buang hajat,-5
bosan,-3
bala,-5
taksa,-5
rombeng,-4
daya,-4
parap,-3
larat,-3
pelor,-3
gastroenterologi,-5
bangbung,-4
bentur,-3
karang,-3
ongok,-3
saku,-3
tagak,-5
safih,-4
tulang punggung,-3
pijar,-3
ganas cabul,-4
titis darah,-3
jaras,-5
henti,-5
rengsa,-5
serang,-3
jawab,-5
kalimat,-3
beset,-4
jantung hati,-3
cuca,-3
bebel,-5
sukaria,-3
konveks,-3
beli,-3
histeria,-5
tahan,-5
konsumsi,-4
jun,-5
uyuh,-3
komunitas,-3
silang sengketa,-4
bentur,-4
korek api,-4
lambat,-4
adu,-3
mantik api,-4
bulus,-5
detak,-3
golong,-3
besot,-3
resultan,-3
hias,-4
kerubut,-4
buluh,-3
nira,-3
resurjensi,-5
tonton,-4
tiup,-3
renung,-3
lalap,-4
muring,-5
percaya,-3
geletar,-4
tengkar,-4
iring,-4
seka,-4
selekeh,-3
cincong,-5
hilang,-3
lalah,-4
lalak,-3
bingit,-5
ronggang,-3
tunggak,-4
kisi,-4
rumbing,-4
lahir kembali,-3
lenyap darat,-4
jenazah,-4
pagi,-3
candal,-5
canda,-3
cat,-3
isi,-5
puspamala,-3
gempil,-4
beber,-4
kritik,-5
tetas,-4
baret,-3
cekam,-4
ikat,-3
aduk,-4
supaya,-3
dakap,-3
lelah,-3
kisi,-3
gabung,-4
sadur,-3
tempiar,-3
tuil,-3
silap mata,-5
dekat,-4
bantai,-5
lintang,-4
handai,-4
serutu,-3
pesawat,-3
empos,-3
gempur,-4
ganteng,-4
sambar,-3
mampu,-4
bedeng,-3
guncang,-5
kelompok,-5
silam,-3
belam,-3
usah,-5
belai,-4
cegat,-3
rajalela,-4
lancut,-4
tabrak,-4
tampil,-3
tampik,-4
tipu,-4
ganjar,-3
kereseng,-4
tikai,-4
moral,-4
sasana,-3
liput,-3
restoran,-4
iris,-4
bisul,-4
palka,-3
jorok,-5
lembu,-3
sarung,-3
tafakur,-3
gundal,-3
balik,-5
teliti waskita,-3
gundah,-5
yuwaraja,-4
cacing kentar,-4
bangkrut,-5
rusuh,-5
terbang pikir,-4
kera,-3
pacak,-4
pacar,-3
cengkedi,-4
sanggup,-5
cocor,-3
solid,-3
kampung,-5
ayal,-3
bahan,-3
suka,-3
nuzul,-4
iris,-5
jejal,-3
jejap,-4
belang,-5
agung,-4
alat negara,-3
banci,-5
ingsar,-3
tika,-5
hancai,-5
gemuruh,-4
tugur,-3
mulus,-5
kitab,-3
ilat,-5
sempuras,-3
selar,-4
sadran,-4
cium tanah,-5
mangkir,-3
pasu,-5
beranta,-5
bacar mulut,-4
uit,-4
mesum,-5
gamblang,-5
kemam,-3
kemal,-4
keluarga,-4
salah,-4
mambang,-4
ketam,-3
kecewa,-3
lalai,-4
ragu,-3
kuning,-4
gaib,-5
gilas,-4
ajuk,-5
sesal,-5
terjang,-3
empang,-5
encang,-3
nista,-5
azab,-3
beloh,-5
nal,-3
belot,-5
guncang,-4
ronta,-3
lenceng,-3
sapu,-4
kecut,-4
ekspres,-3
jeblok,-5
mengerinyau,-3
gertak,-5
kurap,-4
buari,-4
dekap,-3
duri,-4
dakwa,-4
kanji,-3
perang mulut,-3
mula,-4
dura,-3
alku,-5
sampuk,-3
lelap,-5
selubung,-5
meleset,-3
kepompong,-5
celampak,-5
lubang jarum,-5
kurbal,-3
hinggut,-3
gegar,-3
lelap,-3
jalan setapak,-4
jalan tikus,-4
sentong,-3
rel kereta api,-4
balai,-3
tangis,-5
jangkit,-4
meteor,-4
sunggit,-4
batu loncat,-3
bondong,-4
gerenyot,-4
hitam,-4
lebih,-3
derum,-4
berangsang,-4
genap,-3
coreng,-4
musnah,-5
pijak,-3
nona,-3
cerita anak,-4
gerinjam,-4
keseleo,-3
grecok,-4
sorong,-3
ceroboh,-5
genah,-5
kemu,-3
selip,-3
hubung,-3
fakta,-3
rembas,-5
rampak,-5
tengking,-5
pencil,-5
kepinding,-5
keliru,-5
abar,-5
leyu,-4
banding,-3
gebos,-3
pilak,-5
cacing keremi,-4
nyenyeh,-4
kantong kering,-4
garuk,-3
senewen,-4
tetap,-5
kacang botor,-3
bug,-5
sedot,-3
